-- phpMyAdmin SQL Dump
-- version 5.2.0
-- https://www.phpmyadmin.net/
--
-- Host: localhost:3306
-- Generation Time: Jun 29, 2026 at 01:17 PM
-- Server version: 8.0.30
-- PHP Version: 8.2.30

SET SQL_MODE = "NO_AUTO_VALUE_ON_ZERO";
START TRANSACTION;
SET time_zone = "+00:00";


/*!40101 SET @OLD_CHARACTER_SET_CLIENT=@@CHARACTER_SET_CLIENT */;
/*!40101 SET @OLD_CHARACTER_SET_RESULTS=@@CHARACTER_SET_RESULTS */;
/*!40101 SET @OLD_COLLATION_CONNECTION=@@COLLATION_CONNECTION */;
/*!40101 SET NAMES utf8mb4 */;

--
-- Database: `jejakproduk`
--

-- --------------------------------------------------------

--
-- Table structure for table `cache`
--

CREATE TABLE `cache` (
  `key` varchar(255) COLLATE utf8mb4_unicode_ci NOT NULL,
  `value` mediumtext COLLATE utf8mb4_unicode_ci NOT NULL,
  `expiration` int NOT NULL
) ENGINE=InnoDB DEFAULT CHARSET=utf8mb4 COLLATE=utf8mb4_unicode_ci;

-- --------------------------------------------------------

--
-- Table structure for table `cache_locks`
--

CREATE TABLE `cache_locks` (
  `key` varchar(255) COLLATE utf8mb4_unicode_ci NOT NULL,
  `owner` varchar(255) COLLATE utf8mb4_unicode_ci NOT NULL,
  `expiration` int NOT NULL
) ENGINE=InnoDB DEFAULT CHARSET=utf8mb4 COLLATE=utf8mb4_unicode_ci;

-- --------------------------------------------------------

--
-- Table structure for table `categories`
--

CREATE TABLE `categories` (
  `id` bigint UNSIGNED NOT NULL,
  `name` varchar(255) COLLATE utf8mb4_unicode_ci NOT NULL,
  `type` enum('Makanan','Minuman','Topping','Lainnya') COLLATE utf8mb4_unicode_ci NOT NULL DEFAULT 'Lainnya',
  `color` varchar(7) COLLATE utf8mb4_unicode_ci NOT NULL DEFAULT '#10B981',
  `created_at` timestamp NULL DEFAULT NULL,
  `updated_at` timestamp NULL DEFAULT NULL
) ENGINE=InnoDB DEFAULT CHARSET=utf8mb4 COLLATE=utf8mb4_unicode_ci;

--
-- Dumping data for table `categories`
--

INSERT INTO `categories` (`id`, `name`, `type`, `color`, `created_at`, `updated_at`) VALUES
(1, 'Minuman Dingin', 'Minuman', '#10B981', '2026-06-29 05:35:28', '2026-06-29 05:35:28'),
(2, 'Minuman Panas', 'Minuman', '#F59E0B', '2026-06-29 05:35:28', '2026-06-29 05:35:28'),
(3, 'Makanan Utama', 'Makanan', '#EF4444', '2026-06-29 05:35:28', '2026-06-29 05:35:28'),
(4, 'Makanan Ringan', 'Makanan', '#8B5CF6', '2026-06-29 05:35:28', '2026-06-29 05:35:28'),
(5, 'Topping', 'Topping', '#EC4899', '2026-06-29 05:35:28', '2026-06-29 05:35:28'),
(6, 'Lainnya', 'Lainnya', '#64748B', '2026-06-29 05:35:28', '2026-06-29 05:35:28');

-- --------------------------------------------------------

--
-- Table structure for table `failed_jobs`
--

CREATE TABLE `failed_jobs` (
  `id` bigint UNSIGNED NOT NULL,
  `uuid` varchar(255) COLLATE utf8mb4_unicode_ci NOT NULL,
  `connection` text COLLATE utf8mb4_unicode_ci NOT NULL,
  `queue` text COLLATE utf8mb4_unicode_ci NOT NULL,
  `payload` longtext COLLATE utf8mb4_unicode_ci NOT NULL,
  `exception` longtext COLLATE utf8mb4_unicode_ci NOT NULL,
  `failed_at` timestamp NOT NULL DEFAULT CURRENT_TIMESTAMP
) ENGINE=InnoDB DEFAULT CHARSET=utf8mb4 COLLATE=utf8mb4_unicode_ci;

-- --------------------------------------------------------

--
-- Table structure for table `ingredients`
--

CREATE TABLE `ingredients` (
  `id` bigint UNSIGNED NOT NULL,
  `name` varchar(255) COLLATE utf8mb4_unicode_ci NOT NULL,
  `unit` varchar(255) COLLATE utf8mb4_unicode_ci NOT NULL,
  `stock` decimal(10,2) NOT NULL DEFAULT '0.00',
  `min_stock` decimal(10,2) NOT NULL DEFAULT '0.00',
  `cost_per_unit` decimal(12,2) NOT NULL DEFAULT '0.00',
  `description` text COLLATE utf8mb4_unicode_ci,
  `created_at` timestamp NULL DEFAULT NULL,
  `updated_at` timestamp NULL DEFAULT NULL
) ENGINE=InnoDB DEFAULT CHARSET=utf8mb4 COLLATE=utf8mb4_unicode_ci;

--
-- Dumping data for table `ingredients`
--

INSERT INTO `ingredients` (`id`, `name`, `unit`, `stock`, `min_stock`, `cost_per_unit`, `description`, `created_at`, `updated_at`) VALUES
(1, 'Teh Celup', 'pcs', '500.00', '50.00', '400.00', 'Teh celup premium', '2026-06-29 05:35:28', '2026-06-29 05:35:28'),
(2, 'Gula Pasir', 'gram', '5000.00', '500.00', '15.00', 'Gula pasir putih', '2026-06-29 05:35:28', '2026-06-29 05:35:28'),
(3, 'Es Batu', 'gram', '10000.00', '1000.00', '2.00', 'Es batu kristal', '2026-06-29 05:35:28', '2026-06-29 05:35:28'),
(4, 'Air Panas', 'ml', '50000.00', '5000.00', '0.50', 'Air minum panas', '2026-06-29 05:35:28', '2026-06-29 05:35:28'),
(5, 'Susu Full Cream', 'ml', '5000.00', '500.00', '12.00', 'Susu segar full cream', '2026-06-29 05:35:28', '2026-06-29 05:35:28'),
(6, 'Jeruk Lemon', 'buah', '100.00', '10.00', '3000.00', 'Jeruk lemon segar', '2026-06-29 05:35:28', '2026-06-29 05:35:28'),
(7, 'Boba Pearl', 'gram', '2000.00', '200.00', '80.00', 'Boba pearl hitam', '2026-06-29 05:35:28', '2026-06-29 05:35:28'),
(8, 'Jelly Cincau', 'gram', '1500.00', '150.00', '50.00', 'Jelly cincau hijau', '2026-06-29 05:35:28', '2026-06-29 05:35:28'),
(9, 'Gelas Plastik', 'pcs', '500.00', '100.00', '500.00', 'Gelas plastik 16oz', '2026-06-29 05:35:28', '2026-06-29 05:35:28'),
(10, 'Sedotan', 'pcs', '500.00', '100.00', '150.00', 'Sedotan boba jumbo', '2026-06-29 05:35:28', '2026-06-29 05:35:28'),
(11, 'Nasi Putih', 'gram', '10000.00', '1000.00', '10.00', 'Beras pera dimasak', '2026-06-29 05:35:28', '2026-06-29 05:35:28'),
(12, 'Ayam Fillet', 'gram', '3000.00', '300.00', '40.00', 'Ayam fillet tanpa tulang', '2026-06-29 05:35:28', '2026-06-29 05:35:28'),
(13, 'Tepung Terigu', 'gram', '5000.00', '500.00', '8.00', 'Tepung protein tinggi', '2026-06-29 05:35:28', '2026-06-29 05:35:28'),
(14, 'Minyak Goreng', 'ml', '5000.00', '500.00', '20.00', 'Minyak kelapa sawit', '2026-06-29 05:35:28', '2026-06-29 05:35:28'),
(15, 'Kerupuk', 'pcs', '200.00', '20.00', '500.00', 'Kerupuk udang', '2026-06-29 05:35:28', '2026-06-29 05:35:28'),
(16, 'Coklat Bubuk', 'gram', '1000.00', '100.00', '120.00', 'Coklat bubuk premium', '2026-06-29 05:35:28', '2026-06-29 05:35:28');

-- --------------------------------------------------------

--
-- Table structure for table `jobs`
--

CREATE TABLE `jobs` (
  `id` bigint UNSIGNED NOT NULL,
  `queue` varchar(255) COLLATE utf8mb4_unicode_ci NOT NULL,
  `payload` longtext COLLATE utf8mb4_unicode_ci NOT NULL,
  `attempts` tinyint UNSIGNED NOT NULL,
  `reserved_at` int UNSIGNED DEFAULT NULL,
  `available_at` int UNSIGNED NOT NULL,
  `created_at` int UNSIGNED NOT NULL
) ENGINE=InnoDB DEFAULT CHARSET=utf8mb4 COLLATE=utf8mb4_unicode_ci;

-- --------------------------------------------------------

--
-- Table structure for table `job_batches`
--

CREATE TABLE `job_batches` (
  `id` varchar(255) COLLATE utf8mb4_unicode_ci NOT NULL,
  `name` varchar(255) COLLATE utf8mb4_unicode_ci NOT NULL,
  `total_jobs` int NOT NULL,
  `pending_jobs` int NOT NULL,
  `failed_jobs` int NOT NULL,
  `failed_job_ids` longtext COLLATE utf8mb4_unicode_ci NOT NULL,
  `options` mediumtext COLLATE utf8mb4_unicode_ci,
  `cancelled_at` int DEFAULT NULL,
  `created_at` int NOT NULL,
  `finished_at` int DEFAULT NULL
) ENGINE=InnoDB DEFAULT CHARSET=utf8mb4 COLLATE=utf8mb4_unicode_ci;

-- --------------------------------------------------------

--
-- Table structure for table `migrations`
--

CREATE TABLE `migrations` (
  `id` int UNSIGNED NOT NULL,
  `migration` varchar(255) COLLATE utf8mb4_unicode_ci NOT NULL,
  `batch` int NOT NULL
) ENGINE=InnoDB DEFAULT CHARSET=utf8mb4 COLLATE=utf8mb4_unicode_ci;

--
-- Dumping data for table `migrations`
--

INSERT INTO `migrations` (`id`, `migration`, `batch`) VALUES
(1, '0001_01_01_000000_create_users_table', 1),
(2, '0001_01_01_000001_create_cache_table', 1),
(3, '0001_01_01_000002_create_jobs_table', 1),
(4, '2026_01_01_100000_create_categories_table', 1),
(5, '2026_01_01_100001_create_ingredients_table', 1),
(6, '2026_01_01_100002_create_products_table', 1),
(7, '2026_01_01_100003_create_product_ingredients_table', 1),
(8, '2026_01_01_100004_create_transactions_table', 1),
(9, '2026_01_01_100005_create_transaction_items_table', 1);

-- --------------------------------------------------------

--
-- Table structure for table `password_reset_tokens`
--

CREATE TABLE `password_reset_tokens` (
  `email` varchar(255) COLLATE utf8mb4_unicode_ci NOT NULL,
  `token` varchar(255) COLLATE utf8mb4_unicode_ci NOT NULL,
  `created_at` timestamp NULL DEFAULT NULL
) ENGINE=InnoDB DEFAULT CHARSET=utf8mb4 COLLATE=utf8mb4_unicode_ci;

-- --------------------------------------------------------

--
-- Table structure for table `products`
--

CREATE TABLE `products` (
  `id` bigint UNSIGNED NOT NULL,
  `category_id` bigint UNSIGNED NOT NULL,
  `name` varchar(255) COLLATE utf8mb4_unicode_ci NOT NULL,
  `description` text COLLATE utf8mb4_unicode_ci,
  `price` decimal(12,2) NOT NULL,
  `cost_price` decimal(12,2) NOT NULL DEFAULT '0.00',
  `stock` int NOT NULL DEFAULT '0',
  `initials` varchar(5) COLLATE utf8mb4_unicode_ci DEFAULT NULL,
  `avatar_color` varchar(20) COLLATE utf8mb4_unicode_ci NOT NULL DEFAULT 'green',
  `is_available` tinyint(1) NOT NULL DEFAULT '1',
  `created_at` timestamp NULL DEFAULT NULL,
  `updated_at` timestamp NULL DEFAULT NULL
) ENGINE=InnoDB DEFAULT CHARSET=utf8mb4 COLLATE=utf8mb4_unicode_ci;

--
-- Dumping data for table `products`
--

INSERT INTO `products` (`id`, `category_id`, `name`, `description`, `price`, `cost_price`, `stock`, `initials`, `avatar_color`, `is_available`, `created_at`, `updated_at`) VALUES
(1, 1, 'Es Teh Original', 'Teh segar dengan es batu yang menyegarkan', '5000.00', '1500.00', 100, 'ET', 'green', 1, '2026-06-29 05:35:28', '2026-06-29 05:35:28'),
(2, 1, 'Es Teh Kampul', 'Teh dengan campuran susu segar yang gurih', '7000.00', '2500.00', 80, 'EK', 'orange', 1, '2026-06-29 05:35:28', '2026-06-29 05:35:28'),
(3, 1, 'Es Teh Lemon', 'Teh segar dengan perasan lemon asli', '8000.00', '3000.00', 60, 'EL', 'blue', 1, '2026-06-29 05:35:28', '2026-06-29 05:35:28'),
(4, 1, 'Es Boba Teh', 'Teh susu dengan boba pearl kenyal', '15000.00', '6000.00', 50, 'EB', 'purple', 1, '2026-06-29 05:35:28', '2026-06-29 05:35:28'),
(5, 1, 'Es Coklat Susu', 'Minuman coklat dingin dengan susu', '12000.00', '4500.00', 70, 'EC', 'amber', 1, '2026-06-29 05:35:28', '2026-06-29 05:35:28'),
(6, 2, 'Teh Tarik Panas', 'Teh susu klasik disajikan panas', '8000.00', '2500.00', 90, 'TT', 'yellow', 1, '2026-06-29 05:35:28', '2026-06-29 05:35:28'),
(7, 3, 'Ayam Goreng Crispy', 'Ayam goreng tepung renyah dengan nasi', '20000.00', '9000.00', 30, 'AG', 'red', 1, '2026-06-29 05:35:29', '2026-06-29 05:35:29'),
(8, 4, 'Pisang Goreng Crispy', 'Pisang goreng tepung renyah manis', '8000.00', '2500.00', 40, 'PG', 'yellow', 1, '2026-06-29 05:35:29', '2026-06-29 05:35:29'),
(9, 5, 'Topping Jelly', 'Topping tambahan untuk minuman', '2000.00', '500.00', 50, 'TJ', 'pink', 1, '2026-06-29 05:35:29', '2026-06-29 05:35:29'),
(10, 5, 'Topping Boba', 'Topping tambahan untuk minuman', '3000.00', '800.00', 50, 'TB', 'indigo', 1, '2026-06-29 05:35:29', '2026-06-29 05:35:29');

-- --------------------------------------------------------

--
-- Table structure for table `product_ingredients`
--

CREATE TABLE `product_ingredients` (
  `id` bigint UNSIGNED NOT NULL,
  `product_id` bigint UNSIGNED NOT NULL,
  `ingredient_id` bigint UNSIGNED NOT NULL,
  `quantity_used` decimal(10,2) NOT NULL,
  `created_at` timestamp NULL DEFAULT NULL,
  `updated_at` timestamp NULL DEFAULT NULL
) ENGINE=InnoDB DEFAULT CHARSET=utf8mb4 COLLATE=utf8mb4_unicode_ci;

--
-- Dumping data for table `product_ingredients`
--

INSERT INTO `product_ingredients` (`id`, `product_id`, `ingredient_id`, `quantity_used`, `created_at`, `updated_at`) VALUES
(1, 1, 1, '1.00', '2026-06-29 05:35:28', '2026-06-29 05:35:28'),
(2, 1, 2, '20.00', '2026-06-29 05:35:28', '2026-06-29 05:35:28'),
(3, 1, 3, '150.00', '2026-06-29 05:35:28', '2026-06-29 05:35:28'),
(4, 1, 9, '1.00', '2026-06-29 05:35:28', '2026-06-29 05:35:28'),
(5, 1, 10, '1.00', '2026-06-29 05:35:28', '2026-06-29 05:35:28'),
(6, 2, 1, '1.00', '2026-06-29 05:35:28', '2026-06-29 05:35:28'),
(7, 2, 2, '25.00', '2026-06-29 05:35:28', '2026-06-29 05:35:28'),
(8, 2, 3, '100.00', '2026-06-29 05:35:28', '2026-06-29 05:35:28'),
(9, 2, 5, '50.00', '2026-06-29 05:35:28', '2026-06-29 05:35:28'),
(10, 2, 9, '1.00', '2026-06-29 05:35:28', '2026-06-29 05:35:28'),
(11, 2, 10, '1.00', '2026-06-29 05:35:28', '2026-06-29 05:35:28'),
(12, 3, 1, '1.00', '2026-06-29 05:35:28', '2026-06-29 05:35:28'),
(13, 3, 2, '15.00', '2026-06-29 05:35:28', '2026-06-29 05:35:28'),
(14, 3, 3, '150.00', '2026-06-29 05:35:28', '2026-06-29 05:35:28'),
(15, 3, 6, '0.50', '2026-06-29 05:35:28', '2026-06-29 05:35:28'),
(16, 3, 9, '1.00', '2026-06-29 05:35:28', '2026-06-29 05:35:28'),
(17, 3, 10, '1.00', '2026-06-29 05:35:28', '2026-06-29 05:35:28'),
(18, 4, 1, '1.00', '2026-06-29 05:35:28', '2026-06-29 05:35:28'),
(19, 4, 2, '30.00', '2026-06-29 05:35:28', '2026-06-29 05:35:28'),
(20, 4, 3, '100.00', '2026-06-29 05:35:28', '2026-06-29 05:35:28'),
(21, 4, 5, '80.00', '2026-06-29 05:35:28', '2026-06-29 05:35:28'),
(22, 4, 7, '50.00', '2026-06-29 05:35:28', '2026-06-29 05:35:28'),
(23, 4, 9, '1.00', '2026-06-29 05:35:28', '2026-06-29 05:35:28'),
(24, 4, 10, '1.00', '2026-06-29 05:35:28', '2026-06-29 05:35:28'),
(25, 5, 16, '20.00', '2026-06-29 05:35:28', '2026-06-29 05:35:28'),
(26, 5, 2, '25.00', '2026-06-29 05:35:28', '2026-06-29 05:35:28'),
(27, 5, 3, '150.00', '2026-06-29 05:35:28', '2026-06-29 05:35:28'),
(28, 5, 5, '100.00', '2026-06-29 05:35:28', '2026-06-29 05:35:28'),
(29, 5, 9, '1.00', '2026-06-29 05:35:28', '2026-06-29 05:35:28'),
(30, 5, 10, '1.00', '2026-06-29 05:35:28', '2026-06-29 05:35:28'),
(31, 6, 1, '2.00', '2026-06-29 05:35:28', '2026-06-29 05:35:28'),
(32, 6, 2, '20.00', '2026-06-29 05:35:28', '2026-06-29 05:35:28'),
(33, 6, 4, '150.00', '2026-06-29 05:35:28', '2026-06-29 05:35:28'),
(34, 6, 5, '50.00', '2026-06-29 05:35:29', '2026-06-29 05:35:29'),
(35, 7, 12, '150.00', '2026-06-29 05:35:29', '2026-06-29 05:35:29'),
(36, 7, 13, '50.00', '2026-06-29 05:35:29', '2026-06-29 05:35:29'),
(37, 7, 14, '100.00', '2026-06-29 05:35:29', '2026-06-29 05:35:29'),
(38, 7, 11, '200.00', '2026-06-29 05:35:29', '2026-06-29 05:35:29'),
(39, 7, 15, '2.00', '2026-06-29 05:35:29', '2026-06-29 05:35:29'),
(40, 8, 13, '80.00', '2026-06-29 05:35:29', '2026-06-29 05:35:29'),
(41, 8, 14, '100.00', '2026-06-29 05:35:29', '2026-06-29 05:35:29'),
(42, 8, 2, '10.00', '2026-06-29 05:35:29', '2026-06-29 05:35:29'),
(43, 9, 8, '30.00', '2026-06-29 05:35:29', '2026-06-29 05:35:29'),
(44, 10, 7, '30.00', '2026-06-29 05:35:29', '2026-06-29 05:35:29');

-- --------------------------------------------------------

--
-- Table structure for table `sessions`
--

CREATE TABLE `sessions` (
  `id` varchar(255) COLLATE utf8mb4_unicode_ci NOT NULL,
  `user_id` bigint UNSIGNED DEFAULT NULL,
  `ip_address` varchar(45) COLLATE utf8mb4_unicode_ci DEFAULT NULL,
  `user_agent` text COLLATE utf8mb4_unicode_ci,
  `payload` longtext COLLATE utf8mb4_unicode_ci NOT NULL,
  `last_activity` int NOT NULL
) ENGINE=InnoDB DEFAULT CHARSET=utf8mb4 COLLATE=utf8mb4_unicode_ci;

-- --------------------------------------------------------

--
-- Table structure for table `transactions`
--

CREATE TABLE `transactions` (
  `id` bigint UNSIGNED NOT NULL,
  `user_id` bigint UNSIGNED NOT NULL,
  `invoice_number` varchar(255) COLLATE utf8mb4_unicode_ci NOT NULL,
  `subtotal` decimal(12,2) NOT NULL DEFAULT '0.00',
  `discount` decimal(12,2) NOT NULL DEFAULT '0.00',
  `total` decimal(12,2) NOT NULL,
  `amount_paid` decimal(12,2) NOT NULL DEFAULT '0.00',
  `change_amount` decimal(12,2) NOT NULL DEFAULT '0.00',
  `status` enum('pending','completed','cancelled') COLLATE utf8mb4_unicode_ci NOT NULL DEFAULT 'completed',
  `payment_method` enum('cash','transfer','qris') COLLATE utf8mb4_unicode_ci NOT NULL DEFAULT 'cash',
  `notes` text COLLATE utf8mb4_unicode_ci,
  `created_at` timestamp NULL DEFAULT NULL,
  `updated_at` timestamp NULL DEFAULT NULL
) ENGINE=InnoDB DEFAULT CHARSET=utf8mb4 COLLATE=utf8mb4_unicode_ci;

--
-- Dumping data for table `transactions`
--

INSERT INTO `transactions` (`id`, `user_id`, `invoice_number`, `subtotal`, `discount`, `total`, `amount_paid`, `change_amount`, `status`, `payment_method`, `notes`, `created_at`, `updated_at`) VALUES
(1, 1, 'TRX-20260530-001', '16000.00', '0.00', '16000.00', '20000.00', '4000.00', 'completed', 'qris', NULL, '2026-05-30 22:37:29', '2026-05-31 02:27:29'),
(2, 1, 'TRX-20260530-002', '78000.00', '0.00', '78000.00', '80000.00', '2000.00', 'completed', 'qris', NULL, '2026-05-30 22:17:29', '2026-05-31 00:29:29'),
(3, 1, 'TRX-20260530-003', '36000.00', '0.00', '36000.00', '40000.00', '4000.00', 'completed', 'cash', NULL, '2026-05-31 02:18:29', '2026-05-30 17:02:29'),
(4, 1, 'TRX-20260530-004', '66000.00', '0.00', '66000.00', '70000.00', '4000.00', 'completed', 'transfer', NULL, '2026-05-30 17:11:29', '2026-05-30 22:17:29'),
(5, 1, 'TRX-20260530-005', '25000.00', '0.00', '25000.00', '25000.00', '0.00', 'completed', 'cash', NULL, '2026-05-30 19:47:29', '2026-05-30 20:47:29'),
(6, 1, 'TRX-20260530-006', '85000.00', '0.00', '85000.00', '85000.00', '0.00', 'completed', 'transfer', NULL, '2026-05-30 17:22:29', '2026-05-31 00:50:29'),
(7, 1, 'TRX-20260531-001', '53000.00', '0.00', '53000.00', '55000.00', '2000.00', 'completed', 'qris', NULL, '2026-05-31 14:55:29', '2026-05-31 14:38:29'),
(8, 1, 'TRX-20260531-002', '89000.00', '0.00', '89000.00', '90000.00', '1000.00', 'completed', 'transfer', NULL, '2026-05-31 17:34:29', '2026-05-31 23:28:29'),
(9, 1, 'TRX-20260531-003', '78000.00', '0.00', '78000.00', '80000.00', '2000.00', 'completed', 'qris', NULL, '2026-06-01 01:03:29', '2026-05-31 21:42:29'),
(10, 1, 'TRX-20260531-004', '57000.00', '0.00', '57000.00', '60000.00', '3000.00', 'completed', 'transfer', NULL, '2026-05-31 17:14:29', '2026-05-31 21:51:29'),
(11, 1, 'TRX-20260601-001', '102000.00', '0.00', '102000.00', '105000.00', '3000.00', 'completed', 'transfer', NULL, '2026-06-01 14:45:29', '2026-06-01 23:52:29'),
(12, 1, 'TRX-20260601-002', '67000.00', '0.00', '67000.00', '70000.00', '3000.00', 'completed', 'qris', NULL, '2026-06-01 13:41:29', '2026-06-01 20:47:29'),
(13, 1, 'TRX-20260601-003', '12000.00', '0.00', '12000.00', '15000.00', '3000.00', 'completed', 'qris', NULL, '2026-06-01 22:51:29', '2026-06-01 19:11:29'),
(14, 1, 'TRX-20260601-004', '30000.00', '0.00', '30000.00', '30000.00', '0.00', 'completed', 'transfer', NULL, '2026-06-02 02:24:29', '2026-06-01 17:41:29'),
(15, 1, 'TRX-20260601-005', '56000.00', '0.00', '56000.00', '60000.00', '4000.00', 'completed', 'cash', NULL, '2026-06-02 01:42:29', '2026-06-02 00:03:29'),
(16, 1, 'TRX-20260601-006', '45000.00', '0.00', '45000.00', '45000.00', '0.00', 'completed', 'qris', NULL, '2026-06-01 14:25:29', '2026-06-01 19:16:29'),
(17, 1, 'TRX-20260601-007', '35000.00', '0.00', '35000.00', '35000.00', '0.00', 'completed', 'cash', NULL, '2026-06-02 02:25:29', '2026-06-02 00:03:29'),
(18, 1, 'TRX-20260602-001', '56000.00', '0.00', '56000.00', '60000.00', '4000.00', 'completed', 'cash', NULL, '2026-06-02 14:37:29', '2026-06-02 15:59:29'),
(19, 1, 'TRX-20260602-002', '24000.00', '0.00', '24000.00', '25000.00', '1000.00', 'completed', 'transfer', NULL, '2026-06-02 18:59:29', '2026-06-03 01:30:29'),
(20, 1, 'TRX-20260602-003', '40000.00', '0.00', '40000.00', '40000.00', '0.00', 'completed', 'qris', NULL, '2026-06-03 02:18:29', '2026-06-02 22:07:29'),
(21, 1, 'TRX-20260602-004', '29000.00', '0.00', '29000.00', '30000.00', '1000.00', 'completed', 'transfer', NULL, '2026-06-02 22:57:29', '2026-06-03 00:32:29'),
(22, 1, 'TRX-20260602-005', '90000.00', '0.00', '90000.00', '90000.00', '0.00', 'completed', 'transfer', NULL, '2026-06-02 13:47:29', '2026-06-02 19:16:29'),
(23, 1, 'TRX-20260603-001', '76000.00', '0.00', '76000.00', '80000.00', '4000.00', 'completed', 'cash', NULL, '2026-06-04 01:19:29', '2026-06-03 22:16:29'),
(24, 1, 'TRX-20260603-002', '37000.00', '0.00', '37000.00', '40000.00', '3000.00', 'completed', 'qris', NULL, '2026-06-03 23:54:29', '2026-06-03 20:17:29'),
(25, 1, 'TRX-20260603-003', '8000.00', '0.00', '8000.00', '10000.00', '2000.00', 'completed', 'qris', NULL, '2026-06-03 22:55:29', '2026-06-03 22:08:29'),
(26, 1, 'TRX-20260603-004', '48000.00', '0.00', '48000.00', '50000.00', '2000.00', 'completed', 'cash', NULL, '2026-06-03 14:50:29', '2026-06-03 23:32:29'),
(27, 1, 'TRX-20260603-005', '47000.00', '0.00', '47000.00', '50000.00', '3000.00', 'completed', 'transfer', NULL, '2026-06-04 00:38:29', '2026-06-03 15:28:29'),
(28, 1, 'TRX-20260603-006', '36000.00', '0.00', '36000.00', '40000.00', '4000.00', 'completed', 'transfer', NULL, '2026-06-03 16:17:29', '2026-06-04 01:55:29'),
(29, 1, 'TRX-20260604-001', '4000.00', '0.00', '4000.00', '5000.00', '1000.00', 'completed', 'cash', NULL, '2026-06-04 14:05:29', '2026-06-04 18:14:29'),
(30, 1, 'TRX-20260604-002', '43000.00', '0.00', '43000.00', '45000.00', '2000.00', 'completed', 'qris', NULL, '2026-06-04 17:40:29', '2026-06-04 19:03:29'),
(31, 1, 'TRX-20260604-003', '102000.00', '0.00', '102000.00', '105000.00', '3000.00', 'completed', 'qris', NULL, '2026-06-04 23:54:29', '2026-06-04 20:08:29'),
(32, 1, 'TRX-20260604-004', '64000.00', '0.00', '64000.00', '65000.00', '1000.00', 'completed', 'qris', NULL, '2026-06-04 15:40:29', '2026-06-05 01:04:29'),
(33, 1, 'TRX-20260604-005', '15000.00', '0.00', '15000.00', '15000.00', '0.00', 'completed', 'transfer', NULL, '2026-06-04 19:03:29', '2026-06-04 18:37:29'),
(34, 1, 'TRX-20260605-001', '12000.00', '0.00', '12000.00', '15000.00', '3000.00', 'completed', 'transfer', NULL, '2026-06-05 16:19:29', '2026-06-05 21:21:29'),
(35, 1, 'TRX-20260605-002', '64000.00', '0.00', '64000.00', '65000.00', '1000.00', 'completed', 'qris', NULL, '2026-06-06 01:18:29', '2026-06-05 13:44:29'),
(36, 1, 'TRX-20260605-003', '16000.00', '0.00', '16000.00', '20000.00', '4000.00', 'completed', 'qris', NULL, '2026-06-05 16:25:29', '2026-06-05 13:48:29'),
(37, 1, 'TRX-20260605-004', '111000.00', '0.00', '111000.00', '115000.00', '4000.00', 'completed', 'transfer', NULL, '2026-06-05 17:53:29', '2026-06-05 17:22:29'),
(38, 1, 'TRX-20260606-001', '9000.00', '0.00', '9000.00', '10000.00', '1000.00', 'completed', 'cash', NULL, '2026-06-06 15:51:29', '2026-06-06 14:41:29'),
(39, 1, 'TRX-20260606-002', '84000.00', '0.00', '84000.00', '85000.00', '1000.00', 'completed', 'transfer', NULL, '2026-06-07 00:31:29', '2026-06-06 20:22:29'),
(40, 1, 'TRX-20260606-003', '24000.00', '0.00', '24000.00', '25000.00', '1000.00', 'completed', 'transfer', NULL, '2026-06-06 22:20:29', '2026-06-06 20:51:29'),
(41, 1, 'TRX-20260606-004', '29000.00', '0.00', '29000.00', '30000.00', '1000.00', 'completed', 'qris', NULL, '2026-06-07 01:12:29', '2026-06-07 00:36:29'),
(42, 1, 'TRX-20260606-005', '16000.00', '0.00', '16000.00', '20000.00', '4000.00', 'completed', 'qris', NULL, '2026-06-06 16:58:29', '2026-06-06 21:44:29'),
(43, 1, 'TRX-20260606-006', '109000.00', '0.00', '109000.00', '110000.00', '1000.00', 'completed', 'transfer', NULL, '2026-06-06 20:17:29', '2026-06-06 13:47:29'),
(44, 1, 'TRX-20260607-001', '46000.00', '0.00', '46000.00', '50000.00', '4000.00', 'completed', 'cash', NULL, '2026-06-07 23:32:29', '2026-06-07 16:05:29'),
(45, 1, 'TRX-20260607-002', '26000.00', '0.00', '26000.00', '30000.00', '4000.00', 'completed', 'cash', NULL, '2026-06-08 00:00:29', '2026-06-07 21:04:29'),
(46, 1, 'TRX-20260607-003', '12000.00', '0.00', '12000.00', '15000.00', '3000.00', 'completed', 'cash', NULL, '2026-06-07 23:59:29', '2026-06-07 21:29:29'),
(47, 1, 'TRX-20260608-001', '8000.00', '0.00', '8000.00', '10000.00', '2000.00', 'completed', 'qris', NULL, '2026-06-08 18:45:29', '2026-06-08 13:59:29'),
(48, 1, 'TRX-20260608-002', '16000.00', '0.00', '16000.00', '20000.00', '4000.00', 'completed', 'qris', NULL, '2026-06-08 23:14:29', '2026-06-08 20:06:29'),
(49, 1, 'TRX-20260608-003', '69000.00', '0.00', '69000.00', '70000.00', '1000.00', 'completed', 'cash', NULL, '2026-06-08 21:08:29', '2026-06-09 00:29:29'),
(50, 1, 'TRX-20260608-004', '104000.00', '0.00', '104000.00', '105000.00', '1000.00', 'completed', 'transfer', NULL, '2026-06-08 19:23:29', '2026-06-08 14:51:29'),
(51, 1, 'TRX-20260609-001', '49000.00', '0.00', '49000.00', '50000.00', '1000.00', 'completed', 'cash', NULL, '2026-06-09 15:35:29', '2026-06-10 01:22:29'),
(52, 1, 'TRX-20260609-002', '22000.00', '0.00', '22000.00', '25000.00', '3000.00', 'completed', 'transfer', NULL, '2026-06-09 16:00:29', '2026-06-09 22:41:29'),
(53, 1, 'TRX-20260609-003', '117000.00', '0.00', '117000.00', '120000.00', '3000.00', 'completed', 'cash', NULL, '2026-06-09 20:47:29', '2026-06-09 20:14:29'),
(54, 1, 'TRX-20260609-004', '60000.00', '0.00', '60000.00', '60000.00', '0.00', 'completed', 'transfer', NULL, '2026-06-10 00:23:29', '2026-06-10 00:10:29'),
(55, 1, 'TRX-20260609-005', '63000.00', '0.00', '63000.00', '65000.00', '2000.00', 'completed', 'qris', NULL, '2026-06-09 15:53:29', '2026-06-10 01:12:29'),
(56, 1, 'TRX-20260609-006', '32000.00', '0.00', '32000.00', '35000.00', '3000.00', 'completed', 'qris', NULL, '2026-06-09 19:06:29', '2026-06-09 16:03:29'),
(57, 1, 'TRX-20260609-007', '4000.00', '0.00', '4000.00', '5000.00', '1000.00', 'completed', 'qris', NULL, '2026-06-09 17:33:29', '2026-06-09 20:47:29'),
(58, 1, 'TRX-20260610-001', '24000.00', '0.00', '24000.00', '25000.00', '1000.00', 'completed', 'cash', NULL, '2026-06-10 18:21:29', '2026-06-10 19:49:29'),
(59, 1, 'TRX-20260610-002', '46000.00', '0.00', '46000.00', '50000.00', '4000.00', 'completed', 'cash', NULL, '2026-06-10 19:17:29', '2026-06-10 15:01:29'),
(60, 1, 'TRX-20260610-003', '24000.00', '0.00', '24000.00', '25000.00', '1000.00', 'completed', 'transfer', NULL, '2026-06-10 20:02:29', '2026-06-11 01:44:29'),
(61, 1, 'TRX-20260610-004', '46000.00', '0.00', '46000.00', '50000.00', '4000.00', 'completed', 'cash', NULL, '2026-06-10 18:57:29', '2026-06-10 14:52:29'),
(62, 1, 'TRX-20260610-005', '90000.00', '0.00', '90000.00', '90000.00', '0.00', 'completed', 'qris', NULL, '2026-06-10 22:50:29', '2026-06-10 14:58:29'),
(63, 1, 'TRX-20260610-006', '69000.00', '0.00', '69000.00', '70000.00', '1000.00', 'completed', 'transfer', NULL, '2026-06-10 22:50:29', '2026-06-11 01:18:29'),
(64, 1, 'TRX-20260610-007', '74000.00', '0.00', '74000.00', '75000.00', '1000.00', 'completed', 'transfer', NULL, '2026-06-10 22:42:29', '2026-06-10 16:46:29'),
(65, 1, 'TRX-20260611-001', '7000.00', '0.00', '7000.00', '10000.00', '3000.00', 'completed', 'qris', NULL, '2026-06-12 00:03:29', '2026-06-11 17:33:29'),
(66, 1, 'TRX-20260611-002', '96000.00', '0.00', '96000.00', '100000.00', '4000.00', 'completed', 'transfer', NULL, '2026-06-12 01:33:29', '2026-06-11 23:45:29'),
(67, 1, 'TRX-20260611-003', '31000.00', '0.00', '31000.00', '35000.00', '4000.00', 'completed', 'qris', NULL, '2026-06-11 18:16:29', '2026-06-12 02:17:29'),
(68, 1, 'TRX-20260611-004', '8000.00', '0.00', '8000.00', '10000.00', '2000.00', 'completed', 'transfer', NULL, '2026-06-12 00:43:29', '2026-06-11 23:55:29'),
(69, 1, 'TRX-20260611-005', '30000.00', '0.00', '30000.00', '30000.00', '0.00', 'completed', 'qris', NULL, '2026-06-11 22:48:29', '2026-06-11 18:07:29'),
(70, 1, 'TRX-20260611-006', '12000.00', '0.00', '12000.00', '15000.00', '3000.00', 'completed', 'transfer', NULL, '2026-06-11 17:39:29', '2026-06-11 15:07:29'),
(71, 1, 'TRX-20260611-007', '85000.00', '0.00', '85000.00', '85000.00', '0.00', 'completed', 'transfer', NULL, '2026-06-11 14:44:29', '2026-06-11 17:17:29'),
(72, 1, 'TRX-20260612-001', '24000.00', '0.00', '24000.00', '25000.00', '1000.00', 'completed', 'transfer', NULL, '2026-06-12 18:51:29', '2026-06-12 13:39:29'),
(73, 1, 'TRX-20260612-002', '53000.00', '0.00', '53000.00', '55000.00', '2000.00', 'completed', 'cash', NULL, '2026-06-13 00:36:29', '2026-06-12 23:07:29'),
(74, 1, 'TRX-20260612-003', '10000.00', '0.00', '10000.00', '10000.00', '0.00', 'completed', 'transfer', NULL, '2026-06-12 20:56:29', '2026-06-12 23:12:29'),
(75, 1, 'TRX-20260613-001', '37000.00', '0.00', '37000.00', '40000.00', '3000.00', 'completed', 'transfer', NULL, '2026-06-13 19:08:29', '2026-06-13 22:47:29'),
(76, 1, 'TRX-20260613-002', '86000.00', '0.00', '86000.00', '90000.00', '4000.00', 'completed', 'cash', NULL, '2026-06-13 21:47:29', '2026-06-13 20:47:29'),
(77, 1, 'TRX-20260613-003', '15000.00', '0.00', '15000.00', '15000.00', '0.00', 'completed', 'cash', NULL, '2026-06-13 15:56:29', '2026-06-14 01:45:29'),
(78, 1, 'TRX-20260613-004', '87000.00', '0.00', '87000.00', '90000.00', '3000.00', 'completed', 'transfer', NULL, '2026-06-13 22:27:29', '2026-06-13 16:33:29'),
(79, 1, 'TRX-20260613-005', '8000.00', '0.00', '8000.00', '10000.00', '2000.00', 'completed', 'transfer', NULL, '2026-06-13 23:09:29', '2026-06-14 01:55:29'),
(80, 1, 'TRX-20260614-001', '41000.00', '0.00', '41000.00', '45000.00', '4000.00', 'completed', 'qris', NULL, '2026-06-14 13:42:29', '2026-06-14 14:57:29'),
(81, 1, 'TRX-20260614-002', '42000.00', '0.00', '42000.00', '45000.00', '3000.00', 'completed', 'cash', NULL, '2026-06-15 01:14:29', '2026-06-14 23:12:29'),
(82, 1, 'TRX-20260614-003', '12000.00', '0.00', '12000.00', '15000.00', '3000.00', 'completed', 'qris', NULL, '2026-06-14 20:00:29', '2026-06-14 14:59:29'),
(83, 1, 'TRX-20260614-004', '24000.00', '0.00', '24000.00', '25000.00', '1000.00', 'completed', 'cash', NULL, '2026-06-14 21:25:29', '2026-06-14 22:01:29'),
(84, 1, 'TRX-20260614-005', '89000.00', '0.00', '89000.00', '90000.00', '1000.00', 'completed', 'qris', NULL, '2026-06-14 19:31:29', '2026-06-14 21:41:29'),
(85, 1, 'TRX-20260614-006', '39000.00', '0.00', '39000.00', '40000.00', '1000.00', 'completed', 'qris', NULL, '2026-06-14 23:43:29', '2026-06-15 01:51:29'),
(86, 1, 'TRX-20260614-007', '67000.00', '0.00', '67000.00', '70000.00', '3000.00', 'completed', 'transfer', NULL, '2026-06-15 01:52:29', '2026-06-14 15:47:29'),
(87, 1, 'TRX-20260615-001', '49000.00', '0.00', '49000.00', '50000.00', '1000.00', 'completed', 'qris', NULL, '2026-06-15 23:54:29', '2026-06-16 00:37:29'),
(88, 1, 'TRX-20260615-002', '57000.00', '0.00', '57000.00', '60000.00', '3000.00', 'completed', 'transfer', NULL, '2026-06-15 17:30:29', '2026-06-15 14:06:29'),
(89, 1, 'TRX-20260615-003', '14000.00', '0.00', '14000.00', '15000.00', '1000.00', 'completed', 'qris', NULL, '2026-06-15 21:11:29', '2026-06-15 14:20:29'),
(90, 1, 'TRX-20260615-004', '19000.00', '0.00', '19000.00', '20000.00', '1000.00', 'completed', 'qris', NULL, '2026-06-15 18:52:29', '2026-06-15 18:36:29'),
(91, 1, 'TRX-20260615-005', '108000.00', '0.00', '108000.00', '110000.00', '2000.00', 'completed', 'transfer', NULL, '2026-06-16 01:48:29', '2026-06-16 01:29:29'),
(92, 1, 'TRX-20260615-006', '79000.00', '0.00', '79000.00', '80000.00', '1000.00', 'completed', 'transfer', NULL, '2026-06-16 02:25:29', '2026-06-16 01:38:29'),
(93, 1, 'TRX-20260615-007', '10000.00', '0.00', '10000.00', '10000.00', '0.00', 'completed', 'qris', NULL, '2026-06-15 21:19:29', '2026-06-15 17:35:29'),
(94, 1, 'TRX-20260615-008', '5000.00', '0.00', '5000.00', '5000.00', '0.00', 'completed', 'qris', NULL, '2026-06-15 16:33:29', '2026-06-15 23:58:29'),
(95, 1, 'TRX-20260616-001', '24000.00', '0.00', '24000.00', '25000.00', '1000.00', 'completed', 'cash', NULL, '2026-06-16 20:08:29', '2026-06-16 22:10:29'),
(96, 1, 'TRX-20260616-002', '48000.00', '0.00', '48000.00', '50000.00', '2000.00', 'completed', 'qris', NULL, '2026-06-16 16:52:29', '2026-06-16 17:48:29'),
(97, 1, 'TRX-20260616-003', '4000.00', '0.00', '4000.00', '5000.00', '1000.00', 'completed', 'qris', NULL, '2026-06-16 16:59:29', '2026-06-16 15:22:29'),
(98, 1, 'TRX-20260616-004', '61000.00', '0.00', '61000.00', '65000.00', '4000.00', 'completed', 'cash', NULL, '2026-06-16 15:23:29', '2026-06-16 20:42:29'),
(99, 1, 'TRX-20260616-005', '61000.00', '0.00', '61000.00', '65000.00', '4000.00', 'completed', 'transfer', NULL, '2026-06-16 17:43:29', '2026-06-16 18:16:29'),
(100, 1, 'TRX-20260616-006', '64000.00', '0.00', '64000.00', '65000.00', '1000.00', 'completed', 'transfer', NULL, '2026-06-16 20:21:29', '2026-06-16 20:02:29'),
(101, 1, 'TRX-20260616-007', '39000.00', '0.00', '39000.00', '40000.00', '1000.00', 'completed', 'cash', NULL, '2026-06-16 15:22:29', '2026-06-16 17:49:29'),
(102, 1, 'TRX-20260617-001', '29000.00', '0.00', '29000.00', '30000.00', '1000.00', 'completed', 'qris', NULL, '2026-06-17 14:24:29', '2026-06-17 19:22:29'),
(103, 1, 'TRX-20260617-002', '35000.00', '0.00', '35000.00', '35000.00', '0.00', 'completed', 'transfer', NULL, '2026-06-17 18:10:29', '2026-06-17 17:07:29'),
(104, 1, 'TRX-20260617-003', '38000.00', '0.00', '38000.00', '40000.00', '2000.00', 'completed', 'qris', NULL, '2026-06-17 17:54:29', '2026-06-17 17:40:29'),
(105, 1, 'TRX-20260617-004', '21000.00', '0.00', '21000.00', '25000.00', '4000.00', 'completed', 'qris', NULL, '2026-06-18 01:57:29', '2026-06-17 15:32:29'),
(106, 1, 'TRX-20260617-005', '40000.00', '0.00', '40000.00', '40000.00', '0.00', 'completed', 'qris', NULL, '2026-06-18 01:20:29', '2026-06-18 01:05:29'),
(107, 1, 'TRX-20260617-006', '8000.00', '0.00', '8000.00', '10000.00', '2000.00', 'completed', 'transfer', NULL, '2026-06-18 02:22:29', '2026-06-18 01:09:29'),
(108, 1, 'TRX-20260618-001', '73000.00', '0.00', '73000.00', '75000.00', '2000.00', 'completed', 'cash', NULL, '2026-06-18 22:15:29', '2026-06-18 22:13:29'),
(109, 1, 'TRX-20260618-002', '99000.00', '0.00', '99000.00', '100000.00', '1000.00', 'completed', 'qris', NULL, '2026-06-18 13:39:29', '2026-06-19 00:03:29'),
(110, 1, 'TRX-20260618-003', '16000.00', '0.00', '16000.00', '20000.00', '4000.00', 'completed', 'cash', NULL, '2026-06-19 01:12:29', '2026-06-19 01:27:29'),
(111, 1, 'TRX-20260619-001', '3000.00', '0.00', '3000.00', '5000.00', '2000.00', 'completed', 'cash', NULL, '2026-06-19 21:11:29', '2026-06-19 21:55:29'),
(112, 1, 'TRX-20260619-002', '24000.00', '0.00', '24000.00', '25000.00', '1000.00', 'completed', 'qris', NULL, '2026-06-19 14:06:29', '2026-06-19 21:40:29'),
(113, 1, 'TRX-20260619-003', '27000.00', '0.00', '27000.00', '30000.00', '3000.00', 'completed', 'qris', NULL, '2026-06-19 22:39:29', '2026-06-19 23:51:29'),
(114, 1, 'TRX-20260619-004', '74000.00', '0.00', '74000.00', '75000.00', '1000.00', 'completed', 'transfer', NULL, '2026-06-19 17:10:29', '2026-06-19 15:18:29'),
(115, 1, 'TRX-20260619-005', '29000.00', '0.00', '29000.00', '30000.00', '1000.00', 'completed', 'cash', NULL, '2026-06-19 18:43:29', '2026-06-19 14:49:29'),
(116, 1, 'TRX-20260619-006', '35000.00', '0.00', '35000.00', '35000.00', '0.00', 'completed', 'qris', NULL, '2026-06-19 21:34:29', '2026-06-19 22:40:29'),
(117, 1, 'TRX-20260619-007', '28000.00', '0.00', '28000.00', '30000.00', '2000.00', 'completed', 'transfer', NULL, '2026-06-19 22:49:29', '2026-06-19 20:01:29'),
(118, 1, 'TRX-20260619-008', '22000.00', '0.00', '22000.00', '25000.00', '3000.00', 'completed', 'cash', NULL, '2026-06-19 16:40:29', '2026-06-19 23:27:29'),
(119, 1, 'TRX-20260620-001', '24000.00', '0.00', '24000.00', '25000.00', '1000.00', 'completed', 'qris', NULL, '2026-06-21 01:49:29', '2026-06-21 02:15:29'),
(120, 1, 'TRX-20260620-002', '38000.00', '0.00', '38000.00', '40000.00', '2000.00', 'completed', 'cash', NULL, '2026-06-20 20:16:29', '2026-06-20 16:56:29'),
(121, 1, 'TRX-20260620-003', '24000.00', '0.00', '24000.00', '25000.00', '1000.00', 'completed', 'qris', NULL, '2026-06-20 19:31:29', '2026-06-20 23:24:29'),
(122, 1, 'TRX-20260620-004', '58000.00', '0.00', '58000.00', '60000.00', '2000.00', 'completed', 'cash', NULL, '2026-06-20 16:48:29', '2026-06-20 20:23:29'),
(123, 1, 'TRX-20260620-005', '50000.00', '0.00', '50000.00', '50000.00', '0.00', 'completed', 'qris', NULL, '2026-06-20 18:51:29', '2026-06-20 14:23:29'),
(124, 1, 'TRX-20260620-006', '67000.00', '0.00', '67000.00', '70000.00', '3000.00', 'completed', 'transfer', NULL, '2026-06-20 18:15:29', '2026-06-21 02:27:29'),
(125, 1, 'TRX-20260620-007', '24000.00', '0.00', '24000.00', '25000.00', '1000.00', 'completed', 'cash', NULL, '2026-06-20 17:40:29', '2026-06-20 20:25:29'),
(126, 1, 'TRX-20260620-008', '82000.00', '0.00', '82000.00', '85000.00', '3000.00', 'completed', 'transfer', NULL, '2026-06-20 14:51:29', '2026-06-20 20:31:29'),
(127, 1, 'TRX-20260621-001', '24000.00', '0.00', '24000.00', '25000.00', '1000.00', 'completed', 'transfer', NULL, '2026-06-21 22:57:30', '2026-06-21 17:37:30'),
(128, 1, 'TRX-20260621-002', '86000.00', '0.00', '86000.00', '90000.00', '4000.00', 'completed', 'transfer', NULL, '2026-06-21 15:26:30', '2026-06-22 00:53:30'),
(129, 1, 'TRX-20260621-003', '8000.00', '0.00', '8000.00', '10000.00', '2000.00', 'completed', 'cash', NULL, '2026-06-22 00:02:30', '2026-06-21 22:25:30'),
(130, 1, 'TRX-20260621-004', '3000.00', '0.00', '3000.00', '5000.00', '2000.00', 'completed', 'qris', NULL, '2026-06-21 19:39:30', '2026-06-21 17:27:30'),
(131, 1, 'TRX-20260621-005', '41000.00', '0.00', '41000.00', '45000.00', '4000.00', 'completed', 'cash', NULL, '2026-06-21 13:41:30', '2026-06-21 23:19:30'),
(132, 1, 'TRX-20260622-001', '4000.00', '0.00', '4000.00', '5000.00', '1000.00', 'completed', 'transfer', NULL, '2026-06-22 23:22:30', '2026-06-22 18:00:30'),
(133, 1, 'TRX-20260622-002', '69000.00', '0.00', '69000.00', '70000.00', '1000.00', 'completed', 'transfer', NULL, '2026-06-22 16:55:30', '2026-06-22 20:12:30'),
(134, 1, 'TRX-20260622-003', '21000.00', '0.00', '21000.00', '25000.00', '4000.00', 'completed', 'qris', NULL, '2026-06-22 23:49:30', '2026-06-22 23:02:30'),
(135, 1, 'TRX-20260622-004', '50000.00', '0.00', '50000.00', '50000.00', '0.00', 'completed', 'transfer', NULL, '2026-06-23 01:23:30', '2026-06-22 17:44:30'),
(136, 1, 'TRX-20260622-005', '16000.00', '0.00', '16000.00', '20000.00', '4000.00', 'completed', 'qris', NULL, '2026-06-22 21:31:30', '2026-06-22 21:07:30'),
(137, 1, 'TRX-20260622-006', '53000.00', '0.00', '53000.00', '55000.00', '2000.00', 'completed', 'qris', NULL, '2026-06-23 02:31:30', '2026-06-22 18:11:30'),
(138, 1, 'TRX-20260622-007', '55000.00', '0.00', '55000.00', '55000.00', '0.00', 'completed', 'transfer', NULL, '2026-06-22 19:15:30', '2026-06-22 15:26:30'),
(139, 1, 'TRX-20260622-008', '94000.00', '0.00', '94000.00', '95000.00', '1000.00', 'completed', 'cash', NULL, '2026-06-22 16:20:30', '2026-06-22 17:16:30'),
(140, 1, 'TRX-20260623-001', '39000.00', '0.00', '39000.00', '40000.00', '1000.00', 'completed', 'transfer', NULL, '2026-06-23 16:06:30', '2026-06-23 18:59:30'),
(141, 1, 'TRX-20260623-002', '32000.00', '0.00', '32000.00', '35000.00', '3000.00', 'completed', 'qris', NULL, '2026-06-23 16:40:30', '2026-06-23 23:22:30'),
(142, 1, 'TRX-20260623-003', '24000.00', '0.00', '24000.00', '25000.00', '1000.00', 'completed', 'qris', NULL, '2026-06-23 16:22:30', '2026-06-23 21:48:30'),
(143, 1, 'TRX-20260623-004', '92000.00', '0.00', '92000.00', '95000.00', '3000.00', 'completed', 'transfer', NULL, '2026-06-23 20:11:30', '2026-06-23 19:33:30'),
(144, 1, 'TRX-20260624-001', '45000.00', '0.00', '45000.00', '45000.00', '0.00', 'completed', 'qris', NULL, '2026-06-24 23:01:30', '2026-06-24 23:44:30'),
(145, 1, 'TRX-20260624-002', '36000.00', '0.00', '36000.00', '40000.00', '4000.00', 'completed', 'transfer', NULL, '2026-06-25 00:35:30', '2026-06-24 22:01:30'),
(146, 1, 'TRX-20260624-003', '54000.00', '0.00', '54000.00', '55000.00', '1000.00', 'completed', 'cash', NULL, '2026-06-24 18:03:30', '2026-06-24 22:37:30'),
(147, 1, 'TRX-20260624-004', '51000.00', '0.00', '51000.00', '55000.00', '4000.00', 'completed', 'transfer', NULL, '2026-06-25 00:05:30', '2026-06-24 15:01:30'),
(148, 1, 'TRX-20260624-005', '82000.00', '0.00', '82000.00', '85000.00', '3000.00', 'completed', 'transfer', NULL, '2026-06-24 15:25:30', '2026-06-25 01:22:30'),
(149, 1, 'TRX-20260624-006', '30000.00', '0.00', '30000.00', '30000.00', '0.00', 'completed', 'cash', NULL, '2026-06-25 00:18:30', '2026-06-24 15:17:30'),
(150, 1, 'TRX-20260624-007', '104000.00', '0.00', '104000.00', '105000.00', '1000.00', 'completed', 'transfer', NULL, '2026-06-24 16:43:30', '2026-06-24 15:52:30'),
(151, 1, 'TRX-20260624-008', '98000.00', '0.00', '98000.00', '100000.00', '2000.00', 'completed', 'qris', NULL, '2026-06-24 22:58:30', '2026-06-24 19:11:30'),
(152, 1, 'TRX-20260625-001', '12000.00', '0.00', '12000.00', '15000.00', '3000.00', 'completed', 'cash', NULL, '2026-06-25 22:07:30', '2026-06-26 00:58:30'),
(153, 1, 'TRX-20260625-002', '8000.00', '0.00', '8000.00', '10000.00', '2000.00', 'completed', 'transfer', NULL, '2026-06-25 16:20:30', '2026-06-25 17:47:30'),
(154, 1, 'TRX-20260625-003', '66000.00', '0.00', '66000.00', '70000.00', '4000.00', 'completed', 'transfer', NULL, '2026-06-26 01:30:30', '2026-06-26 01:41:30'),
(155, 1, 'TRX-20260626-001', '49000.00', '0.00', '49000.00', '50000.00', '1000.00', 'completed', 'cash', NULL, '2026-06-27 01:23:30', '2026-06-27 02:30:30'),
(156, 1, 'TRX-20260626-002', '28000.00', '0.00', '28000.00', '30000.00', '2000.00', 'completed', 'qris', NULL, '2026-06-26 18:22:30', '2026-06-26 16:38:30'),
(157, 1, 'TRX-20260626-003', '40000.00', '0.00', '40000.00', '40000.00', '0.00', 'completed', 'qris', NULL, '2026-06-26 16:23:30', '2026-06-26 14:27:30'),
(158, 1, 'TRX-20260626-004', '2000.00', '0.00', '2000.00', '5000.00', '3000.00', 'completed', 'transfer', NULL, '2026-06-26 15:27:30', '2026-06-27 02:19:30'),
(159, 1, 'TRX-20260626-005', '19000.00', '0.00', '19000.00', '20000.00', '1000.00', 'completed', 'transfer', NULL, '2026-06-27 02:31:30', '2026-06-26 23:30:30'),
(160, 1, 'TRX-20260627-001', '23000.00', '0.00', '23000.00', '25000.00', '2000.00', 'completed', 'cash', NULL, '2026-06-27 19:31:30', '2026-06-27 22:14:30'),
(161, 1, 'TRX-20260627-002', '86000.00', '0.00', '86000.00', '90000.00', '4000.00', 'completed', 'cash', NULL, '2026-06-27 23:09:30', '2026-06-27 20:43:30'),
(162, 1, 'TRX-20260627-003', '105000.00', '0.00', '105000.00', '105000.00', '0.00', 'completed', 'qris', NULL, '2026-06-27 18:57:30', '2026-06-28 00:55:30'),
(163, 1, 'TRX-20260628-001', '15000.00', '0.00', '15000.00', '15000.00', '0.00', 'completed', 'qris', NULL, '2026-06-29 02:18:30', '2026-06-28 16:01:30'),
(164, 1, 'TRX-20260628-002', '30000.00', '0.00', '30000.00', '30000.00', '0.00', 'completed', 'cash', NULL, '2026-06-28 15:27:30', '2026-06-28 22:04:30'),
(165, 1, 'TRX-20260628-003', '13000.00', '0.00', '13000.00', '15000.00', '2000.00', 'completed', 'qris', NULL, '2026-06-28 15:14:30', '2026-06-28 20:13:30'),
(166, 1, 'TRX-20260628-004', '35000.00', '0.00', '35000.00', '35000.00', '0.00', 'completed', 'transfer', NULL, '2026-06-28 22:45:30', '2026-06-28 21:00:30'),
(167, 1, 'TRX-20260628-005', '85000.00', '0.00', '85000.00', '85000.00', '0.00', 'completed', 'qris', NULL, '2026-06-29 01:13:30', '2026-06-28 13:55:30'),
(168, 1, 'TRX-20260628-006', '44000.00', '0.00', '44000.00', '45000.00', '1000.00', 'completed', 'qris', NULL, '2026-06-28 22:02:30', '2026-06-28 19:59:30'),
(169, 1, 'TRX-20260628-007', '39000.00', '0.00', '39000.00', '40000.00', '1000.00', 'completed', 'cash', NULL, '2026-06-28 22:25:30', '2026-06-28 19:57:30'),
(170, 1, 'TRX-20260628-008', '60000.00', '0.00', '60000.00', '60000.00', '0.00', 'completed', 'cash', NULL, '2026-06-28 20:30:30', '2026-06-28 17:16:30'),
(171, 1, 'TRX-20260629-007', '16000.00', '0.00', '16000.00', '50000.00', '34000.00', 'completed', 'cash', NULL, '2026-06-29 06:12:36', '2026-06-29 06:12:36'),
(172, 1, 'TRX-20260629-008', '16000.00', '0.00', '16000.00', '50000.00', '34000.00', 'completed', 'cash', NULL, '2026-06-29 06:14:41', '2026-06-29 06:14:41'),
(173, 1, 'TRX-20260629-009', '24000.00', '0.00', '24000.00', '24000.00', '0.00', 'completed', 'qris', NULL, '2026-06-29 06:15:02', '2026-06-29 06:15:02');

-- --------------------------------------------------------

--
-- Table structure for table `transaction_items`
--

CREATE TABLE `transaction_items` (
  `id` bigint UNSIGNED NOT NULL,
  `transaction_id` bigint UNSIGNED NOT NULL,
  `product_id` bigint UNSIGNED NOT NULL,
  `product_name` varchar(255) COLLATE utf8mb4_unicode_ci NOT NULL,
  `product_price` decimal(12,2) NOT NULL,
  `quantity` int NOT NULL,
  `subtotal` decimal(12,2) NOT NULL,
  `created_at` timestamp NULL DEFAULT NULL,
  `updated_at` timestamp NULL DEFAULT NULL
) ENGINE=InnoDB DEFAULT CHARSET=utf8mb4 COLLATE=utf8mb4_unicode_ci;

--
-- Dumping data for table `transaction_items`
--

INSERT INTO `transaction_items` (`id`, `transaction_id`, `product_id`, `product_name`, `product_price`, `quantity`, `subtotal`, `created_at`, `updated_at`) VALUES
(1, 1, 3, 'Es Teh Lemon', '8000.00', 2, '16000.00', '2026-06-29 05:35:29', '2026-06-29 05:35:29'),
(2, 2, 4, 'Es Boba Teh', '15000.00', 2, '30000.00', '2026-06-29 05:35:29', '2026-06-29 05:35:29'),
(3, 2, 5, 'Es Coklat Susu', '12000.00', 3, '36000.00', '2026-06-29 05:35:29', '2026-06-29 05:35:29'),
(4, 2, 6, 'Teh Tarik Panas', '8000.00', 1, '8000.00', '2026-06-29 05:35:29', '2026-06-29 05:35:29'),
(5, 2, 9, 'Topping Jelly', '2000.00', 2, '4000.00', '2026-06-29 05:35:29', '2026-06-29 05:35:29'),
(6, 3, 7, 'Ayam Goreng Crispy', '20000.00', 1, '20000.00', '2026-06-29 05:35:29', '2026-06-29 05:35:29'),
(7, 3, 8, 'Pisang Goreng Crispy', '8000.00', 2, '16000.00', '2026-06-29 05:35:29', '2026-06-29 05:35:29'),
(8, 4, 4, 'Es Boba Teh', '15000.00', 2, '30000.00', '2026-06-29 05:35:29', '2026-06-29 05:35:29'),
(9, 4, 7, 'Ayam Goreng Crispy', '20000.00', 1, '20000.00', '2026-06-29 05:35:29', '2026-06-29 05:35:29'),
(10, 4, 8, 'Pisang Goreng Crispy', '8000.00', 2, '16000.00', '2026-06-29 05:35:29', '2026-06-29 05:35:29'),
(11, 5, 4, 'Es Boba Teh', '15000.00', 1, '15000.00', '2026-06-29 05:35:29', '2026-06-29 05:35:29'),
(12, 5, 9, 'Topping Jelly', '2000.00', 2, '4000.00', '2026-06-29 05:35:29', '2026-06-29 05:35:29'),
(13, 5, 10, 'Topping Boba', '3000.00', 2, '6000.00', '2026-06-29 05:35:29', '2026-06-29 05:35:29'),
(14, 6, 3, 'Es Teh Lemon', '8000.00', 2, '16000.00', '2026-06-29 05:35:29', '2026-06-29 05:35:29'),
(15, 6, 4, 'Es Boba Teh', '15000.00', 3, '45000.00', '2026-06-29 05:35:29', '2026-06-29 05:35:29'),
(16, 6, 5, 'Es Coklat Susu', '12000.00', 2, '24000.00', '2026-06-29 05:35:29', '2026-06-29 05:35:29'),
(17, 7, 1, 'Es Teh Original', '5000.00', 2, '10000.00', '2026-06-29 05:35:29', '2026-06-29 05:35:29'),
(18, 7, 7, 'Ayam Goreng Crispy', '20000.00', 2, '40000.00', '2026-06-29 05:35:29', '2026-06-29 05:35:29'),
(19, 7, 10, 'Topping Boba', '3000.00', 1, '3000.00', '2026-06-29 05:35:29', '2026-06-29 05:35:29'),
(20, 8, 3, 'Es Teh Lemon', '8000.00', 2, '16000.00', '2026-06-29 05:35:29', '2026-06-29 05:35:29'),
(21, 8, 4, 'Es Boba Teh', '15000.00', 3, '45000.00', '2026-06-29 05:35:29', '2026-06-29 05:35:29'),
(22, 8, 8, 'Pisang Goreng Crispy', '8000.00', 3, '24000.00', '2026-06-29 05:35:29', '2026-06-29 05:35:29'),
(23, 8, 9, 'Topping Jelly', '2000.00', 2, '4000.00', '2026-06-29 05:35:29', '2026-06-29 05:35:29'),
(24, 9, 2, 'Es Teh Kampul', '7000.00', 2, '14000.00', '2026-06-29 05:35:29', '2026-06-29 05:35:29'),
(25, 9, 6, 'Teh Tarik Panas', '8000.00', 2, '16000.00', '2026-06-29 05:35:29', '2026-06-29 05:35:29'),
(26, 9, 7, 'Ayam Goreng Crispy', '20000.00', 2, '40000.00', '2026-06-29 05:35:29', '2026-06-29 05:35:29'),
(27, 9, 8, 'Pisang Goreng Crispy', '8000.00', 1, '8000.00', '2026-06-29 05:35:29', '2026-06-29 05:35:29'),
(28, 10, 1, 'Es Teh Original', '5000.00', 3, '15000.00', '2026-06-29 05:35:29', '2026-06-29 05:35:29'),
(29, 10, 7, 'Ayam Goreng Crispy', '20000.00', 2, '40000.00', '2026-06-29 05:35:29', '2026-06-29 05:35:29'),
(30, 10, 9, 'Topping Jelly', '2000.00', 1, '2000.00', '2026-06-29 05:35:29', '2026-06-29 05:35:29'),
(31, 11, 4, 'Es Boba Teh', '15000.00', 2, '30000.00', '2026-06-29 05:35:29', '2026-06-29 05:35:29'),
(32, 11, 5, 'Es Coklat Susu', '12000.00', 1, '12000.00', '2026-06-29 05:35:29', '2026-06-29 05:35:29'),
(33, 11, 7, 'Ayam Goreng Crispy', '20000.00', 3, '60000.00', '2026-06-29 05:35:29', '2026-06-29 05:35:29'),
(34, 12, 1, 'Es Teh Original', '5000.00', 3, '15000.00', '2026-06-29 05:35:29', '2026-06-29 05:35:29'),
(35, 12, 5, 'Es Coklat Susu', '12000.00', 3, '36000.00', '2026-06-29 05:35:29', '2026-06-29 05:35:29'),
(36, 12, 8, 'Pisang Goreng Crispy', '8000.00', 2, '16000.00', '2026-06-29 05:35:29', '2026-06-29 05:35:29'),
(37, 13, 5, 'Es Coklat Susu', '12000.00', 1, '12000.00', '2026-06-29 05:35:29', '2026-06-29 05:35:29'),
(38, 14, 2, 'Es Teh Kampul', '7000.00', 2, '14000.00', '2026-06-29 05:35:29', '2026-06-29 05:35:29'),
(39, 14, 8, 'Pisang Goreng Crispy', '8000.00', 2, '16000.00', '2026-06-29 05:35:29', '2026-06-29 05:35:29'),
(40, 15, 3, 'Es Teh Lemon', '8000.00', 3, '24000.00', '2026-06-29 05:35:29', '2026-06-29 05:35:29'),
(41, 15, 5, 'Es Coklat Susu', '12000.00', 2, '24000.00', '2026-06-29 05:35:29', '2026-06-29 05:35:29'),
(42, 15, 8, 'Pisang Goreng Crispy', '8000.00', 1, '8000.00', '2026-06-29 05:35:29', '2026-06-29 05:35:29'),
(43, 16, 7, 'Ayam Goreng Crispy', '20000.00', 2, '40000.00', '2026-06-29 05:35:29', '2026-06-29 05:35:29'),
(44, 16, 9, 'Topping Jelly', '2000.00', 1, '2000.00', '2026-06-29 05:35:29', '2026-06-29 05:35:29'),
(45, 16, 10, 'Topping Boba', '3000.00', 1, '3000.00', '2026-06-29 05:35:29', '2026-06-29 05:35:29'),
(46, 17, 3, 'Es Teh Lemon', '8000.00', 1, '8000.00', '2026-06-29 05:35:29', '2026-06-29 05:35:29'),
(47, 17, 5, 'Es Coklat Susu', '12000.00', 2, '24000.00', '2026-06-29 05:35:29', '2026-06-29 05:35:29'),
(48, 17, 10, 'Topping Boba', '3000.00', 1, '3000.00', '2026-06-29 05:35:29', '2026-06-29 05:35:29'),
(49, 18, 3, 'Es Teh Lemon', '8000.00', 3, '24000.00', '2026-06-29 05:35:29', '2026-06-29 05:35:29'),
(50, 18, 6, 'Teh Tarik Panas', '8000.00', 1, '8000.00', '2026-06-29 05:35:29', '2026-06-29 05:35:29'),
(51, 18, 8, 'Pisang Goreng Crispy', '8000.00', 3, '24000.00', '2026-06-29 05:35:29', '2026-06-29 05:35:29'),
(52, 19, 3, 'Es Teh Lemon', '8000.00', 3, '24000.00', '2026-06-29 05:35:29', '2026-06-29 05:35:29'),
(53, 20, 7, 'Ayam Goreng Crispy', '20000.00', 2, '40000.00', '2026-06-29 05:35:29', '2026-06-29 05:35:29'),
(54, 21, 1, 'Es Teh Original', '5000.00', 1, '5000.00', '2026-06-29 05:35:29', '2026-06-29 05:35:29'),
(55, 21, 5, 'Es Coklat Susu', '12000.00', 2, '24000.00', '2026-06-29 05:35:29', '2026-06-29 05:35:29'),
(56, 22, 4, 'Es Boba Teh', '15000.00', 2, '30000.00', '2026-06-29 05:35:29', '2026-06-29 05:35:29'),
(57, 22, 7, 'Ayam Goreng Crispy', '20000.00', 3, '60000.00', '2026-06-29 05:35:29', '2026-06-29 05:35:29'),
(58, 23, 7, 'Ayam Goreng Crispy', '20000.00', 3, '60000.00', '2026-06-29 05:35:29', '2026-06-29 05:35:29'),
(59, 23, 8, 'Pisang Goreng Crispy', '8000.00', 2, '16000.00', '2026-06-29 05:35:29', '2026-06-29 05:35:29'),
(60, 24, 2, 'Es Teh Kampul', '7000.00', 1, '7000.00', '2026-06-29 05:35:29', '2026-06-29 05:35:29'),
(61, 24, 4, 'Es Boba Teh', '15000.00', 2, '30000.00', '2026-06-29 05:35:29', '2026-06-29 05:35:29'),
(62, 25, 6, 'Teh Tarik Panas', '8000.00', 1, '8000.00', '2026-06-29 05:35:29', '2026-06-29 05:35:29'),
(63, 26, 3, 'Es Teh Lemon', '8000.00', 3, '24000.00', '2026-06-29 05:35:29', '2026-06-29 05:35:29'),
(64, 26, 8, 'Pisang Goreng Crispy', '8000.00', 3, '24000.00', '2026-06-29 05:35:29', '2026-06-29 05:35:29'),
(65, 27, 3, 'Es Teh Lemon', '8000.00', 1, '8000.00', '2026-06-29 05:35:29', '2026-06-29 05:35:29'),
(66, 27, 8, 'Pisang Goreng Crispy', '8000.00', 3, '24000.00', '2026-06-29 05:35:29', '2026-06-29 05:35:29'),
(67, 27, 9, 'Topping Jelly', '2000.00', 3, '6000.00', '2026-06-29 05:35:29', '2026-06-29 05:35:29'),
(68, 27, 10, 'Topping Boba', '3000.00', 3, '9000.00', '2026-06-29 05:35:29', '2026-06-29 05:35:29'),
(69, 28, 1, 'Es Teh Original', '5000.00', 1, '5000.00', '2026-06-29 05:35:29', '2026-06-29 05:35:29'),
(70, 28, 2, 'Es Teh Kampul', '7000.00', 1, '7000.00', '2026-06-29 05:35:29', '2026-06-29 05:35:29'),
(71, 28, 6, 'Teh Tarik Panas', '8000.00', 3, '24000.00', '2026-06-29 05:35:29', '2026-06-29 05:35:29'),
(72, 29, 9, 'Topping Jelly', '2000.00', 2, '4000.00', '2026-06-29 05:35:29', '2026-06-29 05:35:29'),
(73, 30, 2, 'Es Teh Kampul', '7000.00', 3, '21000.00', '2026-06-29 05:35:29', '2026-06-29 05:35:29'),
(74, 30, 3, 'Es Teh Lemon', '8000.00', 1, '8000.00', '2026-06-29 05:35:29', '2026-06-29 05:35:29'),
(75, 30, 6, 'Teh Tarik Panas', '8000.00', 1, '8000.00', '2026-06-29 05:35:29', '2026-06-29 05:35:29'),
(76, 30, 10, 'Topping Boba', '3000.00', 2, '6000.00', '2026-06-29 05:35:29', '2026-06-29 05:35:29'),
(77, 31, 5, 'Es Coklat Susu', '12000.00', 3, '36000.00', '2026-06-29 05:35:29', '2026-06-29 05:35:29'),
(78, 31, 7, 'Ayam Goreng Crispy', '20000.00', 3, '60000.00', '2026-06-29 05:35:29', '2026-06-29 05:35:29'),
(79, 31, 9, 'Topping Jelly', '2000.00', 3, '6000.00', '2026-06-29 05:35:29', '2026-06-29 05:35:29'),
(80, 32, 7, 'Ayam Goreng Crispy', '20000.00', 2, '40000.00', '2026-06-29 05:35:29', '2026-06-29 05:35:29'),
(81, 32, 8, 'Pisang Goreng Crispy', '8000.00', 3, '24000.00', '2026-06-29 05:35:29', '2026-06-29 05:35:29'),
(82, 33, 1, 'Es Teh Original', '5000.00', 3, '15000.00', '2026-06-29 05:35:29', '2026-06-29 05:35:29'),
(83, 34, 1, 'Es Teh Original', '5000.00', 1, '5000.00', '2026-06-29 05:35:29', '2026-06-29 05:35:29'),
(84, 34, 2, 'Es Teh Kampul', '7000.00', 1, '7000.00', '2026-06-29 05:35:29', '2026-06-29 05:35:29'),
(85, 35, 5, 'Es Coklat Susu', '12000.00', 2, '24000.00', '2026-06-29 05:35:29', '2026-06-29 05:35:29'),
(86, 35, 7, 'Ayam Goreng Crispy', '20000.00', 2, '40000.00', '2026-06-29 05:35:29', '2026-06-29 05:35:29'),
(87, 36, 6, 'Teh Tarik Panas', '8000.00', 2, '16000.00', '2026-06-29 05:35:29', '2026-06-29 05:35:29'),
(88, 37, 2, 'Es Teh Kampul', '7000.00', 3, '21000.00', '2026-06-29 05:35:29', '2026-06-29 05:35:29'),
(89, 37, 3, 'Es Teh Lemon', '8000.00', 3, '24000.00', '2026-06-29 05:35:29', '2026-06-29 05:35:29'),
(90, 37, 4, 'Es Boba Teh', '15000.00', 2, '30000.00', '2026-06-29 05:35:29', '2026-06-29 05:35:29'),
(91, 37, 5, 'Es Coklat Susu', '12000.00', 3, '36000.00', '2026-06-29 05:35:29', '2026-06-29 05:35:29'),
(92, 38, 10, 'Topping Boba', '3000.00', 3, '9000.00', '2026-06-29 05:35:29', '2026-06-29 05:35:29'),
(93, 39, 3, 'Es Teh Lemon', '8000.00', 2, '16000.00', '2026-06-29 05:35:29', '2026-06-29 05:35:29'),
(94, 39, 7, 'Ayam Goreng Crispy', '20000.00', 2, '40000.00', '2026-06-29 05:35:29', '2026-06-29 05:35:29'),
(95, 39, 8, 'Pisang Goreng Crispy', '8000.00', 3, '24000.00', '2026-06-29 05:35:29', '2026-06-29 05:35:29'),
(96, 39, 9, 'Topping Jelly', '2000.00', 2, '4000.00', '2026-06-29 05:35:29', '2026-06-29 05:35:29'),
(97, 40, 8, 'Pisang Goreng Crispy', '8000.00', 3, '24000.00', '2026-06-29 05:35:29', '2026-06-29 05:35:29'),
(98, 41, 1, 'Es Teh Original', '5000.00', 1, '5000.00', '2026-06-29 05:35:29', '2026-06-29 05:35:29'),
(99, 41, 3, 'Es Teh Lemon', '8000.00', 3, '24000.00', '2026-06-29 05:35:29', '2026-06-29 05:35:29'),
(100, 42, 3, 'Es Teh Lemon', '8000.00', 2, '16000.00', '2026-06-29 05:35:29', '2026-06-29 05:35:29'),
(101, 43, 3, 'Es Teh Lemon', '8000.00', 1, '8000.00', '2026-06-29 05:35:29', '2026-06-29 05:35:29'),
(102, 43, 4, 'Es Boba Teh', '15000.00', 3, '45000.00', '2026-06-29 05:35:29', '2026-06-29 05:35:29'),
(103, 43, 7, 'Ayam Goreng Crispy', '20000.00', 2, '40000.00', '2026-06-29 05:35:29', '2026-06-29 05:35:29'),
(104, 43, 8, 'Pisang Goreng Crispy', '8000.00', 2, '16000.00', '2026-06-29 05:35:29', '2026-06-29 05:35:29'),
(105, 44, 1, 'Es Teh Original', '5000.00', 1, '5000.00', '2026-06-29 05:35:29', '2026-06-29 05:35:29'),
(106, 44, 4, 'Es Boba Teh', '15000.00', 1, '15000.00', '2026-06-29 05:35:29', '2026-06-29 05:35:29'),
(107, 44, 8, 'Pisang Goreng Crispy', '8000.00', 3, '24000.00', '2026-06-29 05:35:29', '2026-06-29 05:35:29'),
(108, 44, 9, 'Topping Jelly', '2000.00', 1, '2000.00', '2026-06-29 05:35:29', '2026-06-29 05:35:29'),
(109, 45, 6, 'Teh Tarik Panas', '8000.00', 3, '24000.00', '2026-06-29 05:35:29', '2026-06-29 05:35:29'),
(110, 45, 9, 'Topping Jelly', '2000.00', 1, '2000.00', '2026-06-29 05:35:29', '2026-06-29 05:35:29'),
(111, 46, 1, 'Es Teh Original', '5000.00', 1, '5000.00', '2026-06-29 05:35:29', '2026-06-29 05:35:29'),
(112, 46, 2, 'Es Teh Kampul', '7000.00', 1, '7000.00', '2026-06-29 05:35:29', '2026-06-29 05:35:29'),
(113, 47, 8, 'Pisang Goreng Crispy', '8000.00', 1, '8000.00', '2026-06-29 05:35:29', '2026-06-29 05:35:29'),
(114, 48, 3, 'Es Teh Lemon', '8000.00', 2, '16000.00', '2026-06-29 05:35:29', '2026-06-29 05:35:29'),
(115, 49, 4, 'Es Boba Teh', '15000.00', 2, '30000.00', '2026-06-29 05:35:29', '2026-06-29 05:35:29'),
(116, 49, 8, 'Pisang Goreng Crispy', '8000.00', 3, '24000.00', '2026-06-29 05:35:29', '2026-06-29 05:35:29'),
(117, 49, 9, 'Topping Jelly', '2000.00', 3, '6000.00', '2026-06-29 05:35:29', '2026-06-29 05:35:29'),
(118, 49, 10, 'Topping Boba', '3000.00', 3, '9000.00', '2026-06-29 05:35:29', '2026-06-29 05:35:29'),
(119, 50, 5, 'Es Coklat Susu', '12000.00', 3, '36000.00', '2026-06-29 05:35:29', '2026-06-29 05:35:29'),
(120, 50, 7, 'Ayam Goreng Crispy', '20000.00', 3, '60000.00', '2026-06-29 05:35:29', '2026-06-29 05:35:29'),
(121, 50, 8, 'Pisang Goreng Crispy', '8000.00', 1, '8000.00', '2026-06-29 05:35:29', '2026-06-29 05:35:29'),
(122, 51, 4, 'Es Boba Teh', '15000.00', 3, '45000.00', '2026-06-29 05:35:29', '2026-06-29 05:35:29'),
(123, 51, 9, 'Topping Jelly', '2000.00', 2, '4000.00', '2026-06-29 05:35:29', '2026-06-29 05:35:29'),
(124, 52, 3, 'Es Teh Lemon', '8000.00', 1, '8000.00', '2026-06-29 05:35:29', '2026-06-29 05:35:29'),
(125, 52, 5, 'Es Coklat Susu', '12000.00', 1, '12000.00', '2026-06-29 05:35:29', '2026-06-29 05:35:29'),
(126, 52, 9, 'Topping Jelly', '2000.00', 1, '2000.00', '2026-06-29 05:35:29', '2026-06-29 05:35:29'),
(127, 53, 5, 'Es Coklat Susu', '12000.00', 2, '24000.00', '2026-06-29 05:35:29', '2026-06-29 05:35:29'),
(128, 53, 7, 'Ayam Goreng Crispy', '20000.00', 3, '60000.00', '2026-06-29 05:35:29', '2026-06-29 05:35:29'),
(129, 53, 8, 'Pisang Goreng Crispy', '8000.00', 3, '24000.00', '2026-06-29 05:35:29', '2026-06-29 05:35:29'),
(130, 53, 10, 'Topping Boba', '3000.00', 3, '9000.00', '2026-06-29 05:35:29', '2026-06-29 05:35:29'),
(131, 54, 7, 'Ayam Goreng Crispy', '20000.00', 3, '60000.00', '2026-06-29 05:35:29', '2026-06-29 05:35:29'),
(132, 55, 1, 'Es Teh Original', '5000.00', 2, '10000.00', '2026-06-29 05:35:29', '2026-06-29 05:35:29'),
(133, 55, 3, 'Es Teh Lemon', '8000.00', 1, '8000.00', '2026-06-29 05:35:29', '2026-06-29 05:35:29'),
(134, 55, 4, 'Es Boba Teh', '15000.00', 3, '45000.00', '2026-06-29 05:35:29', '2026-06-29 05:35:29'),
(135, 56, 3, 'Es Teh Lemon', '8000.00', 2, '16000.00', '2026-06-29 05:35:29', '2026-06-29 05:35:29'),
(136, 56, 8, 'Pisang Goreng Crispy', '8000.00', 2, '16000.00', '2026-06-29 05:35:29', '2026-06-29 05:35:29'),
(137, 57, 9, 'Topping Jelly', '2000.00', 2, '4000.00', '2026-06-29 05:35:29', '2026-06-29 05:35:29'),
(138, 58, 8, 'Pisang Goreng Crispy', '8000.00', 3, '24000.00', '2026-06-29 05:35:29', '2026-06-29 05:35:29'),
(139, 59, 4, 'Es Boba Teh', '15000.00', 2, '30000.00', '2026-06-29 05:35:29', '2026-06-29 05:35:29'),
(140, 59, 6, 'Teh Tarik Panas', '8000.00', 2, '16000.00', '2026-06-29 05:35:29', '2026-06-29 05:35:29'),
(141, 60, 1, 'Es Teh Original', '5000.00', 1, '5000.00', '2026-06-29 05:35:29', '2026-06-29 05:35:29'),
(142, 60, 3, 'Es Teh Lemon', '8000.00', 2, '16000.00', '2026-06-29 05:35:29', '2026-06-29 05:35:29'),
(143, 60, 10, 'Topping Boba', '3000.00', 1, '3000.00', '2026-06-29 05:35:29', '2026-06-29 05:35:29'),
(144, 61, 2, 'Es Teh Kampul', '7000.00', 1, '7000.00', '2026-06-29 05:35:29', '2026-06-29 05:35:29'),
(145, 61, 5, 'Es Coklat Susu', '12000.00', 1, '12000.00', '2026-06-29 05:35:29', '2026-06-29 05:35:29'),
(146, 61, 8, 'Pisang Goreng Crispy', '8000.00', 3, '24000.00', '2026-06-29 05:35:29', '2026-06-29 05:35:29'),
(147, 61, 10, 'Topping Boba', '3000.00', 1, '3000.00', '2026-06-29 05:35:29', '2026-06-29 05:35:29'),
(148, 62, 4, 'Es Boba Teh', '15000.00', 2, '30000.00', '2026-06-29 05:35:29', '2026-06-29 05:35:29'),
(149, 62, 5, 'Es Coklat Susu', '12000.00', 3, '36000.00', '2026-06-29 05:35:29', '2026-06-29 05:35:29'),
(150, 62, 6, 'Teh Tarik Panas', '8000.00', 1, '8000.00', '2026-06-29 05:35:29', '2026-06-29 05:35:29'),
(151, 62, 8, 'Pisang Goreng Crispy', '8000.00', 2, '16000.00', '2026-06-29 05:35:29', '2026-06-29 05:35:29'),
(152, 63, 1, 'Es Teh Original', '5000.00', 3, '15000.00', '2026-06-29 05:35:29', '2026-06-29 05:35:29'),
(153, 63, 3, 'Es Teh Lemon', '8000.00', 3, '24000.00', '2026-06-29 05:35:29', '2026-06-29 05:35:29'),
(154, 63, 8, 'Pisang Goreng Crispy', '8000.00', 3, '24000.00', '2026-06-29 05:35:29', '2026-06-29 05:35:29'),
(155, 63, 9, 'Topping Jelly', '2000.00', 3, '6000.00', '2026-06-29 05:35:29', '2026-06-29 05:35:29'),
(156, 64, 1, 'Es Teh Original', '5000.00', 3, '15000.00', '2026-06-29 05:35:29', '2026-06-29 05:35:29'),
(157, 64, 2, 'Es Teh Kampul', '7000.00', 1, '7000.00', '2026-06-29 05:35:29', '2026-06-29 05:35:29'),
(158, 64, 5, 'Es Coklat Susu', '12000.00', 3, '36000.00', '2026-06-29 05:35:29', '2026-06-29 05:35:29'),
(159, 64, 6, 'Teh Tarik Panas', '8000.00', 2, '16000.00', '2026-06-29 05:35:29', '2026-06-29 05:35:29'),
(160, 65, 2, 'Es Teh Kampul', '7000.00', 1, '7000.00', '2026-06-29 05:35:29', '2026-06-29 05:35:29'),
(161, 66, 2, 'Es Teh Kampul', '7000.00', 3, '21000.00', '2026-06-29 05:35:29', '2026-06-29 05:35:29'),
(162, 66, 4, 'Es Boba Teh', '15000.00', 3, '45000.00', '2026-06-29 05:35:29', '2026-06-29 05:35:29'),
(163, 66, 5, 'Es Coklat Susu', '12000.00', 2, '24000.00', '2026-06-29 05:35:29', '2026-06-29 05:35:29'),
(164, 66, 9, 'Topping Jelly', '2000.00', 3, '6000.00', '2026-06-29 05:35:29', '2026-06-29 05:35:29'),
(165, 67, 2, 'Es Teh Kampul', '7000.00', 1, '7000.00', '2026-06-29 05:35:29', '2026-06-29 05:35:29'),
(166, 67, 5, 'Es Coklat Susu', '12000.00', 2, '24000.00', '2026-06-29 05:35:29', '2026-06-29 05:35:29'),
(167, 68, 3, 'Es Teh Lemon', '8000.00', 1, '8000.00', '2026-06-29 05:35:29', '2026-06-29 05:35:29'),
(168, 69, 6, 'Teh Tarik Panas', '8000.00', 3, '24000.00', '2026-06-29 05:35:29', '2026-06-29 05:35:29'),
(169, 69, 10, 'Topping Boba', '3000.00', 2, '6000.00', '2026-06-29 05:35:29', '2026-06-29 05:35:29'),
(170, 70, 5, 'Es Coklat Susu', '12000.00', 1, '12000.00', '2026-06-29 05:35:29', '2026-06-29 05:35:29'),
(171, 71, 2, 'Es Teh Kampul', '7000.00', 3, '21000.00', '2026-06-29 05:35:29', '2026-06-29 05:35:29'),
(172, 71, 3, 'Es Teh Lemon', '8000.00', 3, '24000.00', '2026-06-29 05:35:29', '2026-06-29 05:35:29'),
(173, 71, 7, 'Ayam Goreng Crispy', '20000.00', 2, '40000.00', '2026-06-29 05:35:29', '2026-06-29 05:35:29'),
(174, 72, 6, 'Teh Tarik Panas', '8000.00', 3, '24000.00', '2026-06-29 05:35:29', '2026-06-29 05:35:29'),
(175, 73, 4, 'Es Boba Teh', '15000.00', 1, '15000.00', '2026-06-29 05:35:29', '2026-06-29 05:35:29'),
(176, 73, 5, 'Es Coklat Susu', '12000.00', 2, '24000.00', '2026-06-29 05:35:29', '2026-06-29 05:35:29'),
(177, 73, 8, 'Pisang Goreng Crispy', '8000.00', 1, '8000.00', '2026-06-29 05:35:29', '2026-06-29 05:35:29'),
(178, 73, 9, 'Topping Jelly', '2000.00', 3, '6000.00', '2026-06-29 05:35:29', '2026-06-29 05:35:29'),
(179, 74, 1, 'Es Teh Original', '5000.00', 2, '10000.00', '2026-06-29 05:35:29', '2026-06-29 05:35:29'),
(180, 75, 1, 'Es Teh Original', '5000.00', 2, '10000.00', '2026-06-29 05:35:29', '2026-06-29 05:35:29'),
(181, 75, 2, 'Es Teh Kampul', '7000.00', 3, '21000.00', '2026-06-29 05:35:29', '2026-06-29 05:35:29'),
(182, 75, 10, 'Topping Boba', '3000.00', 2, '6000.00', '2026-06-29 05:35:29', '2026-06-29 05:35:29'),
(183, 76, 1, 'Es Teh Original', '5000.00', 2, '10000.00', '2026-06-29 05:35:29', '2026-06-29 05:35:29'),
(184, 76, 5, 'Es Coklat Susu', '12000.00', 1, '12000.00', '2026-06-29 05:35:29', '2026-06-29 05:35:29'),
(185, 76, 7, 'Ayam Goreng Crispy', '20000.00', 3, '60000.00', '2026-06-29 05:35:29', '2026-06-29 05:35:29'),
(186, 76, 9, 'Topping Jelly', '2000.00', 2, '4000.00', '2026-06-29 05:35:29', '2026-06-29 05:35:29'),
(187, 77, 4, 'Es Boba Teh', '15000.00', 1, '15000.00', '2026-06-29 05:35:29', '2026-06-29 05:35:29'),
(188, 78, 2, 'Es Teh Kampul', '7000.00', 2, '14000.00', '2026-06-29 05:35:29', '2026-06-29 05:35:29'),
(189, 78, 4, 'Es Boba Teh', '15000.00', 3, '45000.00', '2026-06-29 05:35:29', '2026-06-29 05:35:29'),
(190, 78, 5, 'Es Coklat Susu', '12000.00', 2, '24000.00', '2026-06-29 05:35:29', '2026-06-29 05:35:29'),
(191, 78, 9, 'Topping Jelly', '2000.00', 2, '4000.00', '2026-06-29 05:35:29', '2026-06-29 05:35:29'),
(192, 79, 3, 'Es Teh Lemon', '8000.00', 1, '8000.00', '2026-06-29 05:35:29', '2026-06-29 05:35:29'),
(193, 80, 2, 'Es Teh Kampul', '7000.00', 3, '21000.00', '2026-06-29 05:35:29', '2026-06-29 05:35:29'),
(194, 80, 7, 'Ayam Goreng Crispy', '20000.00', 1, '20000.00', '2026-06-29 05:35:29', '2026-06-29 05:35:29'),
(195, 81, 1, 'Es Teh Original', '5000.00', 3, '15000.00', '2026-06-29 05:35:29', '2026-06-29 05:35:29'),
(196, 81, 2, 'Es Teh Kampul', '7000.00', 1, '7000.00', '2026-06-29 05:35:29', '2026-06-29 05:35:29'),
(197, 81, 3, 'Es Teh Lemon', '8000.00', 2, '16000.00', '2026-06-29 05:35:29', '2026-06-29 05:35:29'),
(198, 81, 9, 'Topping Jelly', '2000.00', 2, '4000.00', '2026-06-29 05:35:29', '2026-06-29 05:35:29'),
(199, 82, 5, 'Es Coklat Susu', '12000.00', 1, '12000.00', '2026-06-29 05:35:29', '2026-06-29 05:35:29'),
(200, 83, 1, 'Es Teh Original', '5000.00', 1, '5000.00', '2026-06-29 05:35:29', '2026-06-29 05:35:29'),
(201, 83, 6, 'Teh Tarik Panas', '8000.00', 2, '16000.00', '2026-06-29 05:35:29', '2026-06-29 05:35:29'),
(202, 83, 10, 'Topping Boba', '3000.00', 1, '3000.00', '2026-06-29 05:35:29', '2026-06-29 05:35:29'),
(203, 84, 1, 'Es Teh Original', '5000.00', 3, '15000.00', '2026-06-29 05:35:29', '2026-06-29 05:35:29'),
(204, 84, 4, 'Es Boba Teh', '15000.00', 2, '30000.00', '2026-06-29 05:35:29', '2026-06-29 05:35:29'),
(205, 84, 5, 'Es Coklat Susu', '12000.00', 2, '24000.00', '2026-06-29 05:35:29', '2026-06-29 05:35:29'),
(206, 84, 7, 'Ayam Goreng Crispy', '20000.00', 1, '20000.00', '2026-06-29 05:35:29', '2026-06-29 05:35:29'),
(207, 85, 1, 'Es Teh Original', '5000.00', 3, '15000.00', '2026-06-29 05:35:29', '2026-06-29 05:35:29'),
(208, 85, 2, 'Es Teh Kampul', '7000.00', 2, '14000.00', '2026-06-29 05:35:29', '2026-06-29 05:35:29'),
(209, 85, 8, 'Pisang Goreng Crispy', '8000.00', 1, '8000.00', '2026-06-29 05:35:29', '2026-06-29 05:35:29'),
(210, 85, 9, 'Topping Jelly', '2000.00', 1, '2000.00', '2026-06-29 05:35:29', '2026-06-29 05:35:29'),
(211, 86, 2, 'Es Teh Kampul', '7000.00', 1, '7000.00', '2026-06-29 05:35:29', '2026-06-29 05:35:29'),
(212, 86, 3, 'Es Teh Lemon', '8000.00', 3, '24000.00', '2026-06-29 05:35:29', '2026-06-29 05:35:29'),
(213, 86, 4, 'Es Boba Teh', '15000.00', 2, '30000.00', '2026-06-29 05:35:29', '2026-06-29 05:35:29'),
(214, 86, 9, 'Topping Jelly', '2000.00', 3, '6000.00', '2026-06-29 05:35:29', '2026-06-29 05:35:29'),
(215, 87, 2, 'Es Teh Kampul', '7000.00', 2, '14000.00', '2026-06-29 05:35:29', '2026-06-29 05:35:29'),
(216, 87, 3, 'Es Teh Lemon', '8000.00', 1, '8000.00', '2026-06-29 05:35:29', '2026-06-29 05:35:29'),
(217, 87, 6, 'Teh Tarik Panas', '8000.00', 3, '24000.00', '2026-06-29 05:35:29', '2026-06-29 05:35:29'),
(218, 87, 10, 'Topping Boba', '3000.00', 1, '3000.00', '2026-06-29 05:35:29', '2026-06-29 05:35:29'),
(219, 88, 2, 'Es Teh Kampul', '7000.00', 3, '21000.00', '2026-06-29 05:35:29', '2026-06-29 05:35:29'),
(220, 88, 4, 'Es Boba Teh', '15000.00', 2, '30000.00', '2026-06-29 05:35:29', '2026-06-29 05:35:29'),
(221, 88, 9, 'Topping Jelly', '2000.00', 3, '6000.00', '2026-06-29 05:35:29', '2026-06-29 05:35:29'),
(222, 89, 2, 'Es Teh Kampul', '7000.00', 2, '14000.00', '2026-06-29 05:35:29', '2026-06-29 05:35:29'),
(223, 90, 1, 'Es Teh Original', '5000.00', 2, '10000.00', '2026-06-29 05:35:29', '2026-06-29 05:35:29'),
(224, 90, 10, 'Topping Boba', '3000.00', 3, '9000.00', '2026-06-29 05:35:29', '2026-06-29 05:35:29'),
(225, 91, 3, 'Es Teh Lemon', '8000.00', 3, '24000.00', '2026-06-29 05:35:29', '2026-06-29 05:35:29'),
(226, 91, 7, 'Ayam Goreng Crispy', '20000.00', 3, '60000.00', '2026-06-29 05:35:29', '2026-06-29 05:35:29'),
(227, 91, 8, 'Pisang Goreng Crispy', '8000.00', 3, '24000.00', '2026-06-29 05:35:29', '2026-06-29 05:35:29'),
(228, 92, 3, 'Es Teh Lemon', '8000.00', 2, '16000.00', '2026-06-29 05:35:29', '2026-06-29 05:35:29'),
(229, 92, 4, 'Es Boba Teh', '15000.00', 3, '45000.00', '2026-06-29 05:35:29', '2026-06-29 05:35:29'),
(230, 92, 5, 'Es Coklat Susu', '12000.00', 1, '12000.00', '2026-06-29 05:35:29', '2026-06-29 05:35:29'),
(231, 92, 9, 'Topping Jelly', '2000.00', 3, '6000.00', '2026-06-29 05:35:29', '2026-06-29 05:35:29'),
(232, 93, 1, 'Es Teh Original', '5000.00', 2, '10000.00', '2026-06-29 05:35:29', '2026-06-29 05:35:29'),
(233, 94, 1, 'Es Teh Original', '5000.00', 1, '5000.00', '2026-06-29 05:35:29', '2026-06-29 05:35:29'),
(234, 95, 8, 'Pisang Goreng Crispy', '8000.00', 3, '24000.00', '2026-06-29 05:35:29', '2026-06-29 05:35:29'),
(235, 96, 3, 'Es Teh Lemon', '8000.00', 3, '24000.00', '2026-06-29 05:35:29', '2026-06-29 05:35:29'),
(236, 96, 6, 'Teh Tarik Panas', '8000.00', 3, '24000.00', '2026-06-29 05:35:29', '2026-06-29 05:35:29'),
(237, 97, 9, 'Topping Jelly', '2000.00', 2, '4000.00', '2026-06-29 05:35:29', '2026-06-29 05:35:29'),
(238, 98, 3, 'Es Teh Lemon', '8000.00', 2, '16000.00', '2026-06-29 05:35:29', '2026-06-29 05:35:29'),
(239, 98, 7, 'Ayam Goreng Crispy', '20000.00', 1, '20000.00', '2026-06-29 05:35:29', '2026-06-29 05:35:29'),
(240, 98, 8, 'Pisang Goreng Crispy', '8000.00', 2, '16000.00', '2026-06-29 05:35:29', '2026-06-29 05:35:29'),
(241, 98, 10, 'Topping Boba', '3000.00', 3, '9000.00', '2026-06-29 05:35:29', '2026-06-29 05:35:29'),
(242, 99, 3, 'Es Teh Lemon', '8000.00', 2, '16000.00', '2026-06-29 05:35:29', '2026-06-29 05:35:29'),
(243, 99, 4, 'Es Boba Teh', '15000.00', 2, '30000.00', '2026-06-29 05:35:29', '2026-06-29 05:35:29'),
(244, 99, 5, 'Es Coklat Susu', '12000.00', 1, '12000.00', '2026-06-29 05:35:29', '2026-06-29 05:35:29'),
(245, 99, 10, 'Topping Boba', '3000.00', 1, '3000.00', '2026-06-29 05:35:29', '2026-06-29 05:35:29'),
(246, 100, 2, 'Es Teh Kampul', '7000.00', 2, '14000.00', '2026-06-29 05:35:29', '2026-06-29 05:35:29'),
(247, 100, 4, 'Es Boba Teh', '15000.00', 2, '30000.00', '2026-06-29 05:35:29', '2026-06-29 05:35:29'),
(248, 100, 8, 'Pisang Goreng Crispy', '8000.00', 2, '16000.00', '2026-06-29 05:35:29', '2026-06-29 05:35:29'),
(249, 100, 9, 'Topping Jelly', '2000.00', 2, '4000.00', '2026-06-29 05:35:29', '2026-06-29 05:35:29'),
(250, 101, 3, 'Es Teh Lemon', '8000.00', 2, '16000.00', '2026-06-29 05:35:29', '2026-06-29 05:35:29'),
(251, 101, 6, 'Teh Tarik Panas', '8000.00', 1, '8000.00', '2026-06-29 05:35:29', '2026-06-29 05:35:29'),
(252, 101, 9, 'Topping Jelly', '2000.00', 3, '6000.00', '2026-06-29 05:35:29', '2026-06-29 05:35:29'),
(253, 101, 10, 'Topping Boba', '3000.00', 3, '9000.00', '2026-06-29 05:35:29', '2026-06-29 05:35:29'),
(254, 102, 4, 'Es Boba Teh', '15000.00', 1, '15000.00', '2026-06-29 05:35:29', '2026-06-29 05:35:29'),
(255, 102, 6, 'Teh Tarik Panas', '8000.00', 1, '8000.00', '2026-06-29 05:35:29', '2026-06-29 05:35:29'),
(256, 102, 9, 'Topping Jelly', '2000.00', 3, '6000.00', '2026-06-29 05:35:29', '2026-06-29 05:35:29'),
(257, 103, 1, 'Es Teh Original', '5000.00', 2, '10000.00', '2026-06-29 05:35:29', '2026-06-29 05:35:29'),
(258, 103, 2, 'Es Teh Kampul', '7000.00', 1, '7000.00', '2026-06-29 05:35:29', '2026-06-29 05:35:29'),
(259, 103, 5, 'Es Coklat Susu', '12000.00', 1, '12000.00', '2026-06-29 05:35:29', '2026-06-29 05:35:29'),
(260, 103, 10, 'Topping Boba', '3000.00', 2, '6000.00', '2026-06-29 05:35:29', '2026-06-29 05:35:29'),
(261, 104, 4, 'Es Boba Teh', '15000.00', 2, '30000.00', '2026-06-29 05:35:29', '2026-06-29 05:35:29'),
(262, 104, 8, 'Pisang Goreng Crispy', '8000.00', 1, '8000.00', '2026-06-29 05:35:29', '2026-06-29 05:35:29'),
(263, 105, 2, 'Es Teh Kampul', '7000.00', 3, '21000.00', '2026-06-29 05:35:29', '2026-06-29 05:35:29'),
(264, 106, 7, 'Ayam Goreng Crispy', '20000.00', 2, '40000.00', '2026-06-29 05:35:29', '2026-06-29 05:35:29'),
(265, 107, 3, 'Es Teh Lemon', '8000.00', 1, '8000.00', '2026-06-29 05:35:29', '2026-06-29 05:35:29'),
(266, 108, 1, 'Es Teh Original', '5000.00', 1, '5000.00', '2026-06-29 05:35:29', '2026-06-29 05:35:29'),
(267, 108, 2, 'Es Teh Kampul', '7000.00', 2, '14000.00', '2026-06-29 05:35:29', '2026-06-29 05:35:29'),
(268, 108, 4, 'Es Boba Teh', '15000.00', 2, '30000.00', '2026-06-29 05:35:29', '2026-06-29 05:35:29'),
(269, 108, 8, 'Pisang Goreng Crispy', '8000.00', 3, '24000.00', '2026-06-29 05:35:29', '2026-06-29 05:35:29'),
(270, 109, 2, 'Es Teh Kampul', '7000.00', 2, '14000.00', '2026-06-29 05:35:29', '2026-06-29 05:35:29'),
(271, 109, 4, 'Es Boba Teh', '15000.00', 3, '45000.00', '2026-06-29 05:35:29', '2026-06-29 05:35:29'),
(272, 109, 7, 'Ayam Goreng Crispy', '20000.00', 2, '40000.00', '2026-06-29 05:35:29', '2026-06-29 05:35:29'),
(273, 110, 6, 'Teh Tarik Panas', '8000.00', 2, '16000.00', '2026-06-29 05:35:29', '2026-06-29 05:35:29'),
(274, 111, 10, 'Topping Boba', '3000.00', 1, '3000.00', '2026-06-29 05:35:29', '2026-06-29 05:35:29'),
(275, 112, 6, 'Teh Tarik Panas', '8000.00', 1, '8000.00', '2026-06-29 05:35:29', '2026-06-29 05:35:29'),
(276, 112, 8, 'Pisang Goreng Crispy', '8000.00', 2, '16000.00', '2026-06-29 05:35:29', '2026-06-29 05:35:29'),
(277, 113, 3, 'Es Teh Lemon', '8000.00', 1, '8000.00', '2026-06-29 05:35:29', '2026-06-29 05:35:29'),
(278, 113, 6, 'Teh Tarik Panas', '8000.00', 1, '8000.00', '2026-06-29 05:35:29', '2026-06-29 05:35:29'),
(279, 113, 9, 'Topping Jelly', '2000.00', 1, '2000.00', '2026-06-29 05:35:29', '2026-06-29 05:35:29'),
(280, 113, 10, 'Topping Boba', '3000.00', 3, '9000.00', '2026-06-29 05:35:29', '2026-06-29 05:35:29'),
(281, 114, 2, 'Es Teh Kampul', '7000.00', 2, '14000.00', '2026-06-29 05:35:29', '2026-06-29 05:35:29'),
(282, 114, 7, 'Ayam Goreng Crispy', '20000.00', 3, '60000.00', '2026-06-29 05:35:29', '2026-06-29 05:35:29'),
(283, 115, 1, 'Es Teh Original', '5000.00', 3, '15000.00', '2026-06-29 05:35:29', '2026-06-29 05:35:29'),
(284, 115, 2, 'Es Teh Kampul', '7000.00', 2, '14000.00', '2026-06-29 05:35:29', '2026-06-29 05:35:29'),
(285, 116, 1, 'Es Teh Original', '5000.00', 2, '10000.00', '2026-06-29 05:35:29', '2026-06-29 05:35:29'),
(286, 116, 6, 'Teh Tarik Panas', '8000.00', 2, '16000.00', '2026-06-29 05:35:29', '2026-06-29 05:35:29'),
(287, 116, 10, 'Topping Boba', '3000.00', 3, '9000.00', '2026-06-29 05:35:29', '2026-06-29 05:35:29'),
(288, 117, 1, 'Es Teh Original', '5000.00', 2, '10000.00', '2026-06-29 05:35:29', '2026-06-29 05:35:29'),
(289, 117, 5, 'Es Coklat Susu', '12000.00', 1, '12000.00', '2026-06-29 05:35:29', '2026-06-29 05:35:29'),
(290, 117, 10, 'Topping Boba', '3000.00', 2, '6000.00', '2026-06-29 05:35:29', '2026-06-29 05:35:29'),
(291, 118, 3, 'Es Teh Lemon', '8000.00', 1, '8000.00', '2026-06-29 05:35:29', '2026-06-29 05:35:29'),
(292, 118, 8, 'Pisang Goreng Crispy', '8000.00', 1, '8000.00', '2026-06-29 05:35:29', '2026-06-29 05:35:29'),
(293, 118, 9, 'Topping Jelly', '2000.00', 3, '6000.00', '2026-06-29 05:35:29', '2026-06-29 05:35:29'),
(294, 119, 3, 'Es Teh Lemon', '8000.00', 3, '24000.00', '2026-06-29 05:35:29', '2026-06-29 05:35:29'),
(295, 120, 3, 'Es Teh Lemon', '8000.00', 1, '8000.00', '2026-06-29 05:35:29', '2026-06-29 05:35:29'),
(296, 120, 4, 'Es Boba Teh', '15000.00', 2, '30000.00', '2026-06-29 05:35:29', '2026-06-29 05:35:29'),
(297, 121, 1, 'Es Teh Original', '5000.00', 2, '10000.00', '2026-06-29 05:35:29', '2026-06-29 05:35:29'),
(298, 121, 2, 'Es Teh Kampul', '7000.00', 2, '14000.00', '2026-06-29 05:35:29', '2026-06-29 05:35:29'),
(299, 122, 1, 'Es Teh Original', '5000.00', 2, '10000.00', '2026-06-29 05:35:29', '2026-06-29 05:35:29'),
(300, 122, 3, 'Es Teh Lemon', '8000.00', 2, '16000.00', '2026-06-29 05:35:29', '2026-06-29 05:35:29'),
(301, 122, 6, 'Teh Tarik Panas', '8000.00', 3, '24000.00', '2026-06-29 05:35:29', '2026-06-29 05:35:29'),
(302, 122, 8, 'Pisang Goreng Crispy', '8000.00', 1, '8000.00', '2026-06-29 05:35:29', '2026-06-29 05:35:29'),
(303, 123, 3, 'Es Teh Lemon', '8000.00', 2, '16000.00', '2026-06-29 05:35:29', '2026-06-29 05:35:29'),
(304, 123, 5, 'Es Coklat Susu', '12000.00', 1, '12000.00', '2026-06-29 05:35:29', '2026-06-29 05:35:29'),
(305, 123, 6, 'Teh Tarik Panas', '8000.00', 2, '16000.00', '2026-06-29 05:35:29', '2026-06-29 05:35:29'),
(306, 123, 9, 'Topping Jelly', '2000.00', 3, '6000.00', '2026-06-29 05:35:29', '2026-06-29 05:35:29'),
(307, 124, 4, 'Es Boba Teh', '15000.00', 1, '15000.00', '2026-06-29 05:35:30', '2026-06-29 05:35:30'),
(308, 124, 7, 'Ayam Goreng Crispy', '20000.00', 2, '40000.00', '2026-06-29 05:35:30', '2026-06-29 05:35:30'),
(309, 124, 9, 'Topping Jelly', '2000.00', 3, '6000.00', '2026-06-29 05:35:30', '2026-06-29 05:35:30'),
(310, 124, 10, 'Topping Boba', '3000.00', 2, '6000.00', '2026-06-29 05:35:30', '2026-06-29 05:35:30'),
(311, 125, 6, 'Teh Tarik Panas', '8000.00', 3, '24000.00', '2026-06-29 05:35:30', '2026-06-29 05:35:30'),
(312, 126, 3, 'Es Teh Lemon', '8000.00', 1, '8000.00', '2026-06-29 05:35:30', '2026-06-29 05:35:30'),
(313, 126, 4, 'Es Boba Teh', '15000.00', 3, '45000.00', '2026-06-29 05:35:30', '2026-06-29 05:35:30'),
(314, 126, 7, 'Ayam Goreng Crispy', '20000.00', 1, '20000.00', '2026-06-29 05:35:30', '2026-06-29 05:35:30'),
(315, 126, 10, 'Topping Boba', '3000.00', 3, '9000.00', '2026-06-29 05:35:30', '2026-06-29 05:35:30'),
(316, 127, 6, 'Teh Tarik Panas', '8000.00', 3, '24000.00', '2026-06-29 05:35:30', '2026-06-29 05:35:30'),
(317, 128, 3, 'Es Teh Lemon', '8000.00', 2, '16000.00', '2026-06-29 05:35:30', '2026-06-29 05:35:30'),
(318, 128, 4, 'Es Boba Teh', '15000.00', 2, '30000.00', '2026-06-29 05:35:30', '2026-06-29 05:35:30'),
(319, 128, 7, 'Ayam Goreng Crispy', '20000.00', 2, '40000.00', '2026-06-29 05:35:30', '2026-06-29 05:35:30'),
(320, 129, 6, 'Teh Tarik Panas', '8000.00', 1, '8000.00', '2026-06-29 05:35:30', '2026-06-29 05:35:30'),
(321, 130, 10, 'Topping Boba', '3000.00', 1, '3000.00', '2026-06-29 05:35:30', '2026-06-29 05:35:30'),
(322, 131, 1, 'Es Teh Original', '5000.00', 1, '5000.00', '2026-06-29 05:35:30', '2026-06-29 05:35:30'),
(323, 131, 5, 'Es Coklat Susu', '12000.00', 3, '36000.00', '2026-06-29 05:35:30', '2026-06-29 05:35:30'),
(324, 132, 9, 'Topping Jelly', '2000.00', 2, '4000.00', '2026-06-29 05:35:30', '2026-06-29 05:35:30'),
(325, 133, 1, 'Es Teh Original', '5000.00', 1, '5000.00', '2026-06-29 05:35:30', '2026-06-29 05:35:30'),
(326, 133, 3, 'Es Teh Lemon', '8000.00', 3, '24000.00', '2026-06-29 05:35:30', '2026-06-29 05:35:30'),
(327, 133, 7, 'Ayam Goreng Crispy', '20000.00', 2, '40000.00', '2026-06-29 05:35:30', '2026-06-29 05:35:30'),
(328, 134, 2, 'Es Teh Kampul', '7000.00', 3, '21000.00', '2026-06-29 05:35:30', '2026-06-29 05:35:30'),
(329, 135, 1, 'Es Teh Original', '5000.00', 3, '15000.00', '2026-06-29 05:35:30', '2026-06-29 05:35:30'),
(330, 135, 2, 'Es Teh Kampul', '7000.00', 3, '21000.00', '2026-06-29 05:35:30', '2026-06-29 05:35:30'),
(331, 135, 5, 'Es Coklat Susu', '12000.00', 1, '12000.00', '2026-06-29 05:35:30', '2026-06-29 05:35:30'),
(332, 135, 9, 'Topping Jelly', '2000.00', 1, '2000.00', '2026-06-29 05:35:30', '2026-06-29 05:35:30'),
(333, 136, 1, 'Es Teh Original', '5000.00', 1, '5000.00', '2026-06-29 05:35:30', '2026-06-29 05:35:30'),
(334, 136, 6, 'Teh Tarik Panas', '8000.00', 1, '8000.00', '2026-06-29 05:35:30', '2026-06-29 05:35:30'),
(335, 136, 10, 'Topping Boba', '3000.00', 1, '3000.00', '2026-06-29 05:35:30', '2026-06-29 05:35:30'),
(336, 137, 1, 'Es Teh Original', '5000.00', 1, '5000.00', '2026-06-29 05:35:30', '2026-06-29 05:35:30'),
(337, 137, 2, 'Es Teh Kampul', '7000.00', 2, '14000.00', '2026-06-29 05:35:30', '2026-06-29 05:35:30'),
(338, 137, 4, 'Es Boba Teh', '15000.00', 2, '30000.00', '2026-06-29 05:35:30', '2026-06-29 05:35:30'),
(339, 137, 9, 'Topping Jelly', '2000.00', 2, '4000.00', '2026-06-29 05:35:30', '2026-06-29 05:35:30'),
(340, 138, 1, 'Es Teh Original', '5000.00', 2, '10000.00', '2026-06-29 05:35:30', '2026-06-29 05:35:30'),
(341, 138, 4, 'Es Boba Teh', '15000.00', 3, '45000.00', '2026-06-29 05:35:30', '2026-06-29 05:35:30'),
(342, 139, 3, 'Es Teh Lemon', '8000.00', 3, '24000.00', '2026-06-29 05:35:30', '2026-06-29 05:35:30'),
(343, 139, 4, 'Es Boba Teh', '15000.00', 2, '30000.00', '2026-06-29 05:35:30', '2026-06-29 05:35:30'),
(344, 139, 6, 'Teh Tarik Panas', '8000.00', 3, '24000.00', '2026-06-29 05:35:30', '2026-06-29 05:35:30'),
(345, 139, 8, 'Pisang Goreng Crispy', '8000.00', 2, '16000.00', '2026-06-29 05:35:30', '2026-06-29 05:35:30'),
(346, 140, 2, 'Es Teh Kampul', '7000.00', 1, '7000.00', '2026-06-29 05:35:30', '2026-06-29 05:35:30'),
(347, 140, 3, 'Es Teh Lemon', '8000.00', 1, '8000.00', '2026-06-29 05:35:30', '2026-06-29 05:35:30'),
(348, 140, 8, 'Pisang Goreng Crispy', '8000.00', 3, '24000.00', '2026-06-29 05:35:30', '2026-06-29 05:35:30'),
(349, 141, 5, 'Es Coklat Susu', '12000.00', 2, '24000.00', '2026-06-29 05:35:30', '2026-06-29 05:35:30'),
(350, 141, 6, 'Teh Tarik Panas', '8000.00', 1, '8000.00', '2026-06-29 05:35:30', '2026-06-29 05:35:30'),
(351, 142, 1, 'Es Teh Original', '5000.00', 2, '10000.00', '2026-06-29 05:35:30', '2026-06-29 05:35:30'),
(352, 142, 6, 'Teh Tarik Panas', '8000.00', 1, '8000.00', '2026-06-29 05:35:30', '2026-06-29 05:35:30'),
(353, 142, 9, 'Topping Jelly', '2000.00', 3, '6000.00', '2026-06-29 05:35:30', '2026-06-29 05:35:30'),
(354, 143, 1, 'Es Teh Original', '5000.00', 2, '10000.00', '2026-06-29 05:35:30', '2026-06-29 05:35:30'),
(355, 143, 6, 'Teh Tarik Panas', '8000.00', 2, '16000.00', '2026-06-29 05:35:30', '2026-06-29 05:35:30'),
(356, 143, 7, 'Ayam Goreng Crispy', '20000.00', 3, '60000.00', '2026-06-29 05:35:30', '2026-06-29 05:35:30'),
(357, 143, 10, 'Topping Boba', '3000.00', 2, '6000.00', '2026-06-29 05:35:30', '2026-06-29 05:35:30'),
(358, 144, 4, 'Es Boba Teh', '15000.00', 3, '45000.00', '2026-06-29 05:35:30', '2026-06-29 05:35:30'),
(359, 145, 5, 'Es Coklat Susu', '12000.00', 3, '36000.00', '2026-06-29 05:35:30', '2026-06-29 05:35:30'),
(360, 146, 1, 'Es Teh Original', '5000.00', 1, '5000.00', '2026-06-29 05:35:30', '2026-06-29 05:35:30'),
(361, 146, 4, 'Es Boba Teh', '15000.00', 3, '45000.00', '2026-06-29 05:35:30', '2026-06-29 05:35:30'),
(362, 146, 9, 'Topping Jelly', '2000.00', 2, '4000.00', '2026-06-29 05:35:30', '2026-06-29 05:35:30'),
(363, 147, 1, 'Es Teh Original', '5000.00', 3, '15000.00', '2026-06-29 05:35:30', '2026-06-29 05:35:30'),
(364, 147, 5, 'Es Coklat Susu', '12000.00', 3, '36000.00', '2026-06-29 05:35:30', '2026-06-29 05:35:30'),
(365, 148, 5, 'Es Coklat Susu', '12000.00', 3, '36000.00', '2026-06-29 05:35:30', '2026-06-29 05:35:30'),
(366, 148, 6, 'Teh Tarik Panas', '8000.00', 2, '16000.00', '2026-06-29 05:35:30', '2026-06-29 05:35:30'),
(367, 148, 8, 'Pisang Goreng Crispy', '8000.00', 3, '24000.00', '2026-06-29 05:35:30', '2026-06-29 05:35:30'),
(368, 148, 9, 'Topping Jelly', '2000.00', 3, '6000.00', '2026-06-29 05:35:30', '2026-06-29 05:35:30'),
(369, 149, 4, 'Es Boba Teh', '15000.00', 1, '15000.00', '2026-06-29 05:35:30', '2026-06-29 05:35:30'),
(370, 149, 5, 'Es Coklat Susu', '12000.00', 1, '12000.00', '2026-06-29 05:35:30', '2026-06-29 05:35:30'),
(371, 149, 10, 'Topping Boba', '3000.00', 1, '3000.00', '2026-06-29 05:35:30', '2026-06-29 05:35:30'),
(372, 150, 2, 'Es Teh Kampul', '7000.00', 2, '14000.00', '2026-06-29 05:35:30', '2026-06-29 05:35:30'),
(373, 150, 7, 'Ayam Goreng Crispy', '20000.00', 3, '60000.00', '2026-06-29 05:35:30', '2026-06-29 05:35:30'),
(374, 150, 8, 'Pisang Goreng Crispy', '8000.00', 3, '24000.00', '2026-06-29 05:35:30', '2026-06-29 05:35:30'),
(375, 150, 9, 'Topping Jelly', '2000.00', 3, '6000.00', '2026-06-29 05:35:30', '2026-06-29 05:35:30'),
(376, 151, 2, 'Es Teh Kampul', '7000.00', 3, '21000.00', '2026-06-29 05:35:30', '2026-06-29 05:35:30'),
(377, 151, 3, 'Es Teh Lemon', '8000.00', 2, '16000.00', '2026-06-29 05:35:30', '2026-06-29 05:35:30'),
(378, 151, 4, 'Es Boba Teh', '15000.00', 3, '45000.00', '2026-06-29 05:35:30', '2026-06-29 05:35:30'),
(379, 151, 8, 'Pisang Goreng Crispy', '8000.00', 2, '16000.00', '2026-06-29 05:35:30', '2026-06-29 05:35:30'),
(380, 152, 8, 'Pisang Goreng Crispy', '8000.00', 1, '8000.00', '2026-06-29 05:35:30', '2026-06-29 05:35:30'),
(381, 152, 9, 'Topping Jelly', '2000.00', 2, '4000.00', '2026-06-29 05:35:30', '2026-06-29 05:35:30'),
(382, 153, 8, 'Pisang Goreng Crispy', '8000.00', 1, '8000.00', '2026-06-29 05:35:30', '2026-06-29 05:35:30'),
(383, 154, 2, 'Es Teh Kampul', '7000.00', 3, '21000.00', '2026-06-29 05:35:30', '2026-06-29 05:35:30'),
(384, 154, 5, 'Es Coklat Susu', '12000.00', 3, '36000.00', '2026-06-29 05:35:30', '2026-06-29 05:35:30'),
(385, 154, 10, 'Topping Boba', '3000.00', 3, '9000.00', '2026-06-29 05:35:30', '2026-06-29 05:35:30'),
(386, 155, 2, 'Es Teh Kampul', '7000.00', 3, '21000.00', '2026-06-29 05:35:30', '2026-06-29 05:35:30'),
(387, 155, 3, 'Es Teh Lemon', '8000.00', 2, '16000.00', '2026-06-29 05:35:30', '2026-06-29 05:35:30'),
(388, 155, 5, 'Es Coklat Susu', '12000.00', 1, '12000.00', '2026-06-29 05:35:30', '2026-06-29 05:35:30'),
(389, 156, 3, 'Es Teh Lemon', '8000.00', 1, '8000.00', '2026-06-29 05:35:30', '2026-06-29 05:35:30'),
(390, 156, 7, 'Ayam Goreng Crispy', '20000.00', 1, '20000.00', '2026-06-29 05:35:30', '2026-06-29 05:35:30'),
(391, 157, 3, 'Es Teh Lemon', '8000.00', 3, '24000.00', '2026-06-29 05:35:30', '2026-06-29 05:35:30'),
(392, 157, 8, 'Pisang Goreng Crispy', '8000.00', 2, '16000.00', '2026-06-29 05:35:30', '2026-06-29 05:35:30'),
(393, 158, 9, 'Topping Jelly', '2000.00', 1, '2000.00', '2026-06-29 05:35:30', '2026-06-29 05:35:30'),
(394, 159, 6, 'Teh Tarik Panas', '8000.00', 2, '16000.00', '2026-06-29 05:35:30', '2026-06-29 05:35:30'),
(395, 159, 10, 'Topping Boba', '3000.00', 1, '3000.00', '2026-06-29 05:35:30', '2026-06-29 05:35:30'),
(396, 160, 1, 'Es Teh Original', '5000.00', 3, '15000.00', '2026-06-29 05:35:30', '2026-06-29 05:35:30'),
(397, 160, 6, 'Teh Tarik Panas', '8000.00', 1, '8000.00', '2026-06-29 05:35:30', '2026-06-29 05:35:30'),
(398, 161, 2, 'Es Teh Kampul', '7000.00', 2, '14000.00', '2026-06-29 05:35:30', '2026-06-29 05:35:30'),
(399, 161, 6, 'Teh Tarik Panas', '8000.00', 1, '8000.00', '2026-06-29 05:35:30', '2026-06-29 05:35:30'),
(400, 161, 7, 'Ayam Goreng Crispy', '20000.00', 3, '60000.00', '2026-06-29 05:35:30', '2026-06-29 05:35:30'),
(401, 161, 9, 'Topping Jelly', '2000.00', 2, '4000.00', '2026-06-29 05:35:30', '2026-06-29 05:35:30'),
(402, 162, 3, 'Es Teh Lemon', '8000.00', 3, '24000.00', '2026-06-29 05:35:30', '2026-06-29 05:35:30'),
(403, 162, 4, 'Es Boba Teh', '15000.00', 3, '45000.00', '2026-06-29 05:35:30', '2026-06-29 05:35:30'),
(404, 162, 5, 'Es Coklat Susu', '12000.00', 3, '36000.00', '2026-06-29 05:35:30', '2026-06-29 05:35:30'),
(405, 163, 1, 'Es Teh Original', '5000.00', 3, '15000.00', '2026-06-29 05:35:30', '2026-06-29 05:35:30'),
(406, 164, 4, 'Es Boba Teh', '15000.00', 2, '30000.00', '2026-06-29 05:35:30', '2026-06-29 05:35:30'),
(407, 165, 2, 'Es Teh Kampul', '7000.00', 1, '7000.00', '2026-06-29 05:35:30', '2026-06-29 05:35:30'),
(408, 165, 9, 'Topping Jelly', '2000.00', 3, '6000.00', '2026-06-29 05:35:30', '2026-06-29 05:35:30'),
(409, 166, 3, 'Es Teh Lemon', '8000.00', 2, '16000.00', '2026-06-29 05:35:30', '2026-06-29 05:35:30'),
(410, 166, 8, 'Pisang Goreng Crispy', '8000.00', 2, '16000.00', '2026-06-29 05:35:30', '2026-06-29 05:35:30'),
(411, 166, 10, 'Topping Boba', '3000.00', 1, '3000.00', '2026-06-29 05:35:30', '2026-06-29 05:35:30'),
(412, 167, 2, 'Es Teh Kampul', '7000.00', 1, '7000.00', '2026-06-29 05:35:30', '2026-06-29 05:35:30'),
(413, 167, 4, 'Es Boba Teh', '15000.00', 2, '30000.00', '2026-06-29 05:35:30', '2026-06-29 05:35:30'),
(414, 167, 5, 'Es Coklat Susu', '12000.00', 2, '24000.00', '2026-06-29 05:35:30', '2026-06-29 05:35:30'),
(415, 167, 6, 'Teh Tarik Panas', '8000.00', 3, '24000.00', '2026-06-29 05:35:30', '2026-06-29 05:35:30'),
(416, 168, 1, 'Es Teh Original', '5000.00', 2, '10000.00', '2026-06-29 05:35:30', '2026-06-29 05:35:30'),
(417, 168, 3, 'Es Teh Lemon', '8000.00', 3, '24000.00', '2026-06-29 05:35:30', '2026-06-29 05:35:30'),
(418, 168, 9, 'Topping Jelly', '2000.00', 2, '4000.00', '2026-06-29 05:35:30', '2026-06-29 05:35:30'),
(419, 168, 10, 'Topping Boba', '3000.00', 2, '6000.00', '2026-06-29 05:35:30', '2026-06-29 05:35:30'),
(420, 169, 1, 'Es Teh Original', '5000.00', 2, '10000.00', '2026-06-29 05:35:30', '2026-06-29 05:35:30'),
(421, 169, 7, 'Ayam Goreng Crispy', '20000.00', 1, '20000.00', '2026-06-29 05:35:30', '2026-06-29 05:35:30'),
(422, 169, 10, 'Topping Boba', '3000.00', 3, '9000.00', '2026-06-29 05:35:30', '2026-06-29 05:35:30'),
(423, 170, 7, 'Ayam Goreng Crispy', '20000.00', 3, '60000.00', '2026-06-29 05:35:30', '2026-06-29 05:35:30'),
(424, 172, 3, 'Es Teh Lemon', '8000.00', 2, '16000.00', '2026-06-29 06:14:41', '2026-06-29 06:14:41'),
(425, 173, 3, 'Es Teh Lemon', '8000.00', 3, '24000.00', '2026-06-29 06:15:02', '2026-06-29 06:15:02');

-- --------------------------------------------------------

--
-- Table structure for table `users`
--

CREATE TABLE `users` (
  `id` bigint UNSIGNED NOT NULL,
  `name` varchar(255) COLLATE utf8mb4_unicode_ci NOT NULL,
  `email` varchar(255) COLLATE utf8mb4_unicode_ci NOT NULL,
  `email_verified_at` timestamp NULL DEFAULT NULL,
  `password` varchar(255) COLLATE utf8mb4_unicode_ci NOT NULL,
  `remember_token` varchar(100) COLLATE utf8mb4_unicode_ci DEFAULT NULL,
  `created_at` timestamp NULL DEFAULT NULL,
  `updated_at` timestamp NULL DEFAULT NULL
) ENGINE=InnoDB DEFAULT CHARSET=utf8mb4 COLLATE=utf8mb4_unicode_ci;

--
-- Dumping data for table `users`
--

INSERT INTO `users` (`id`, `name`, `email`, `email_verified_at`, `password`, `remember_token`, `created_at`, `updated_at`) VALUES
(1, 'Admin UMKM', 'admin@jejakproduk.com', NULL, '$2y$12$/4YBi6.0T7nECUg3dS6cZezyPFWZ4DS4ND.w43XgkXvzykfrQj10W', NULL, '2026-06-29 05:35:28', '2026-06-29 05:35:28');

--
-- Indexes for dumped tables
--

--
-- Indexes for table `cache`
--
ALTER TABLE `cache`
  ADD PRIMARY KEY (`key`),
  ADD KEY `cache_expiration_index` (`expiration`);

--
-- Indexes for table `cache_locks`
--
ALTER TABLE `cache_locks`
  ADD PRIMARY KEY (`key`),
  ADD KEY `cache_locks_expiration_index` (`expiration`);

--
-- Indexes for table `categories`
--
ALTER TABLE `categories`
  ADD PRIMARY KEY (`id`);

--
-- Indexes for table `failed_jobs`
--
ALTER TABLE `failed_jobs`
  ADD PRIMARY KEY (`id`),
  ADD UNIQUE KEY `failed_jobs_uuid_unique` (`uuid`);

--
-- Indexes for table `ingredients`
--
ALTER TABLE `ingredients`
  ADD PRIMARY KEY (`id`);

--
-- Indexes for table `jobs`
--
ALTER TABLE `jobs`
  ADD PRIMARY KEY (`id`),
  ADD KEY `jobs_queue_index` (`queue`);

--
-- Indexes for table `job_batches`
--
ALTER TABLE `job_batches`
  ADD PRIMARY KEY (`id`);

--
-- Indexes for table `migrations`
--
ALTER TABLE `migrations`
  ADD PRIMARY KEY (`id`);

--
-- Indexes for table `password_reset_tokens`
--
ALTER TABLE `password_reset_tokens`
  ADD PRIMARY KEY (`email`);

--
-- Indexes for table `products`
--
ALTER TABLE `products`
  ADD PRIMARY KEY (`id`),
  ADD KEY `products_category_id_foreign` (`category_id`);

--
-- Indexes for table `product_ingredients`
--
ALTER TABLE `product_ingredients`
  ADD PRIMARY KEY (`id`),
  ADD KEY `product_ingredients_product_id_foreign` (`product_id`),
  ADD KEY `product_ingredients_ingredient_id_foreign` (`ingredient_id`);

--
-- Indexes for table `sessions`
--
ALTER TABLE `sessions`
  ADD PRIMARY KEY (`id`),
  ADD KEY `sessions_user_id_index` (`user_id`),
  ADD KEY `sessions_last_activity_index` (`last_activity`);

--
-- Indexes for table `transactions`
--
ALTER TABLE `transactions`
  ADD PRIMARY KEY (`id`),
  ADD UNIQUE KEY `transactions_invoice_number_unique` (`invoice_number`),
  ADD KEY `transactions_user_id_foreign` (`user_id`);

--
-- Indexes for table `transaction_items`
--
ALTER TABLE `transaction_items`
  ADD PRIMARY KEY (`id`),
  ADD KEY `transaction_items_transaction_id_foreign` (`transaction_id`),
  ADD KEY `transaction_items_product_id_foreign` (`product_id`);

--
-- Indexes for table `users`
--
ALTER TABLE `users`
  ADD PRIMARY KEY (`id`),
  ADD UNIQUE KEY `users_email_unique` (`email`);

--
-- AUTO_INCREMENT for dumped tables
--

--
-- AUTO_INCREMENT for table `categories`
--
ALTER TABLE `categories`
  MODIFY `id` bigint UNSIGNED NOT NULL AUTO_INCREMENT, AUTO_INCREMENT=7;

--
-- AUTO_INCREMENT for table `failed_jobs`
--
ALTER TABLE `failed_jobs`
  MODIFY `id` bigint UNSIGNED NOT NULL AUTO_INCREMENT;

--
-- AUTO_INCREMENT for table `ingredients`
--
ALTER TABLE `ingredients`
  MODIFY `id` bigint UNSIGNED NOT NULL AUTO_INCREMENT, AUTO_INCREMENT=17;

--
-- AUTO_INCREMENT for table `jobs`
--
ALTER TABLE `jobs`
  MODIFY `id` bigint UNSIGNED NOT NULL AUTO_INCREMENT;

--
-- AUTO_INCREMENT for table `migrations`
--
ALTER TABLE `migrations`
  MODIFY `id` int UNSIGNED NOT NULL AUTO_INCREMENT, AUTO_INCREMENT=10;

--
-- AUTO_INCREMENT for table `products`
--
ALTER TABLE `products`
  MODIFY `id` bigint UNSIGNED NOT NULL AUTO_INCREMENT, AUTO_INCREMENT=11;

--
-- AUTO_INCREMENT for table `product_ingredients`
--
ALTER TABLE `product_ingredients`
  MODIFY `id` bigint UNSIGNED NOT NULL AUTO_INCREMENT, AUTO_INCREMENT=45;

--
-- AUTO_INCREMENT for table `transactions`
--
ALTER TABLE `transactions`
  MODIFY `id` bigint UNSIGNED NOT NULL AUTO_INCREMENT, AUTO_INCREMENT=174;

--
-- AUTO_INCREMENT for table `transaction_items`
--
ALTER TABLE `transaction_items`
  MODIFY `id` bigint UNSIGNED NOT NULL AUTO_INCREMENT, AUTO_INCREMENT=426;

--
-- AUTO_INCREMENT for table `users`
--
ALTER TABLE `users`
  MODIFY `id` bigint UNSIGNED NOT NULL AUTO_INCREMENT, AUTO_INCREMENT=2;

--
-- Constraints for dumped tables
--

--
-- Constraints for table `products`
--
ALTER TABLE `products`
  ADD CONSTRAINT `products_category_id_foreign` FOREIGN KEY (`category_id`) REFERENCES `categories` (`id`) ON DELETE CASCADE;

--
-- Constraints for table `product_ingredients`
--
ALTER TABLE `product_ingredients`
  ADD CONSTRAINT `product_ingredients_ingredient_id_foreign` FOREIGN KEY (`ingredient_id`) REFERENCES `ingredients` (`id`) ON DELETE CASCADE,
  ADD CONSTRAINT `product_ingredients_product_id_foreign` FOREIGN KEY (`product_id`) REFERENCES `products` (`id`) ON DELETE CASCADE;

--
-- Constraints for table `transactions`
--
ALTER TABLE `transactions`
  ADD CONSTRAINT `transactions_user_id_foreign` FOREIGN KEY (`user_id`) REFERENCES `users` (`id`) ON DELETE CASCADE;

--
-- Constraints for table `transaction_items`
--
ALTER TABLE `transaction_items`
  ADD CONSTRAINT `transaction_items_product_id_foreign` FOREIGN KEY (`product_id`) REFERENCES `products` (`id`) ON DELETE CASCADE,
  ADD CONSTRAINT `transaction_items_transaction_id_foreign` FOREIGN KEY (`transaction_id`) REFERENCES `transactions` (`id`) ON DELETE CASCADE;
COMMIT;

/*!40101 SET CHARACTER_SET_CLIENT=@OLD_CHARACTER_SET_CLIENT */;
/*!40101 SET CHARACTER_SET_RESULTS=@OLD_CHARACTER_SET_RESULTS */;
/*!40101 SET COLLATION_CONNECTION=@OLD_COLLATION_CONNECTION */;
